[
    {
        "model": "auth.permission",
        "pk": 1,
        "fields": {
            "name": "Can add log entry",
            "content_type": 1,
            "codename": "add_logentry"
        }
    },
    {
        "model": "auth.permission",
        "pk": 2,
        "fields": {
            "name": "Can change log entry",
            "content_type": 1,
            "codename": "change_logentry"
        }
    },
    {
        "model": "auth.permission",
        "pk": 3,
        "fields": {
            "name": "Can delete log entry",
            "content_type": 1,
            "codename": "delete_logentry"
        }
    },
    {
        "model": "auth.permission",
        "pk": 4,
        "fields": {
            "name": "Can view log entry",
            "content_type": 1,
            "codename": "view_logentry"
        }
    },
    {
        "model": "auth.permission",
        "pk": 5,
        "fields": {
            "name": "Can add permission",
            "content_type": 2,
            "codename": "add_permission"
        }
    },
    {
        "model": "auth.permission",
        "pk": 6,
        "fields": {
            "name": "Can change permission",
            "content_type": 2,
            "codename": "change_permission"
        }
    },
    {
        "model": "auth.permission",
        "pk": 7,
        "fields": {
            "name": "Can delete permission",
            "content_type": 2,
            "codename": "delete_permission"
        }
    },
    {
        "model": "auth.permission",
        "pk": 8,
        "fields": {
            "name": "Can view permission",
            "content_type": 2,
            "codename": "view_permission"
        }
    },
    {
        "model": "auth.permission",
        "pk": 9,
        "fields": {
            "name": "Can add group",
            "content_type": 3,
            "codename": "add_group"
        }
    },
    {
        "model": "auth.permission",
        "pk": 10,
        "fields": {
            "name": "Can change group",
            "content_type": 3,
            "codename": "change_group"
        }
    },
    {
        "model": "auth.permission",
        "pk": 11,
        "fields": {
            "name": "Can delete group",
            "content_type": 3,
            "codename": "delete_group"
        }
    },
    {
        "model": "auth.permission",
        "pk": 12,
        "fields": {
            "name": "Can view group",
            "content_type": 3,
            "codename": "view_group"
        }
    },
    {
        "model": "auth.permission",
        "pk": 13,
        "fields": {
            "name": "Can add user",
            "content_type": 4,
            "codename": "add_user"
        }
    },
    {
        "model": "auth.permission",
        "pk": 14,
        "fields": {
            "name": "Can change user",
            "content_type": 4,
            "codename": "change_user"
        }
    },
    {
        "model": "auth.permission",
        "pk": 15,
        "fields": {
            "name": "Can delete user",
            "content_type": 4,
            "codename": "delete_user"
        }
    },
    {
        "model": "auth.permission",
        "pk": 16,
        "fields": {
            "name": "Can view user",
            "content_type": 4,
            "codename": "view_user"
        }
    },
    {
        "model": "auth.permission",
        "pk": 17,
        "fields": {
            "name": "Can add content type",
            "content_type": 5,
            "codename": "add_contenttype"
        }
    },
    {
        "model": "auth.permission",
        "pk": 18,
        "fields": {
            "name": "Can change content type",
            "content_type": 5,
            "codename": "change_contenttype"
        }
    },
    {
        "model": "auth.permission",
        "pk": 19,
        "fields": {
            "name": "Can delete content type",
            "content_type": 5,
            "codename": "delete_contenttype"
        }
    },
    {
        "model": "auth.permission",
        "pk": 20,
        "fields": {
            "name": "Can view content type",
            "content_type": 5,
            "codename": "view_contenttype"
        }
    },
    {
        "model": "auth.permission",
        "pk": 21,
        "fields": {
            "name": "Can add session",
            "content_type": 6,
            "codename": "add_session"
        }
    },
    {
        "model": "auth.permission",
        "pk": 22,
        "fields": {
            "name": "Can change session",
            "content_type": 6,
            "codename": "change_session"
        }
    },
    {
        "model": "auth.permission",
        "pk": 23,
        "fields": {
            "name": "Can delete session",
            "content_type": 6,
            "codename": "delete_session"
        }
    },
    {
        "model": "auth.permission",
        "pk": 24,
        "fields": {
            "name": "Can view session",
            "content_type": 6,
            "codename": "view_session"
        }
    },
    {
        "model": "auth.permission",
        "pk": 25,
        "fields": {
            "name": "Can add business",
            "content_type": 7,
            "codename": "add_business"
        }
    },
    {
        "model": "auth.permission",
        "pk": 26,
        "fields": {
            "name": "Can change business",
            "content_type": 7,
            "codename": "change_business"
        }
    },
    {
        "model": "auth.permission",
        "pk": 27,
        "fields": {
            "name": "Can delete business",
            "content_type": 7,
            "codename": "delete_business"
        }
    },
    {
        "model": "auth.permission",
        "pk": 28,
        "fields": {
            "name": "Can view business",
            "content_type": 7,
            "codename": "view_business"
        }
    },
    {
        "model": "auth.permission",
        "pk": 29,
        "fields": {
            "name": "Can add api_key",
            "content_type": 8,
            "codename": "add_api_key"
        }
    },
    {
        "model": "auth.permission",
        "pk": 30,
        "fields": {
            "name": "Can change api_key",
            "content_type": 8,
            "codename": "change_api_key"
        }
    },
    {
        "model": "auth.permission",
        "pk": 31,
        "fields": {
            "name": "Can delete api_key",
            "content_type": 8,
            "codename": "delete_api_key"
        }
    },
    {
        "model": "auth.permission",
        "pk": 32,
        "fields": {
            "name": "Can view api_key",
            "content_type": 8,
            "codename": "view_api_key"
        }
    },
    {
        "model": "auth.permission",
        "pk": 33,
        "fields": {
            "name": "Can add account",
            "content_type": 9,
            "codename": "add_account"
        }
    },
    {
        "model": "auth.permission",
        "pk": 34,
        "fields": {
            "name": "Can change account",
            "content_type": 9,
            "codename": "change_account"
        }
    },
    {
        "model": "auth.permission",
        "pk": 35,
        "fields": {
            "name": "Can delete account",
            "content_type": 9,
            "codename": "delete_account"
        }
    },
    {
        "model": "auth.permission",
        "pk": 36,
        "fields": {
            "name": "Can view account",
            "content_type": 9,
            "codename": "view_account"
        }
    },
    {
        "model": "auth.permission",
        "pk": 37,
        "fields": {
            "name": "Can add country",
            "content_type": 10,
            "codename": "add_country"
        }
    },
    {
        "model": "auth.permission",
        "pk": 38,
        "fields": {
            "name": "Can change country",
            "content_type": 10,
            "codename": "change_country"
        }
    },
    {
        "model": "auth.permission",
        "pk": 39,
        "fields": {
            "name": "Can delete country",
            "content_type": 10,
            "codename": "delete_country"
        }
    },
    {
        "model": "auth.permission",
        "pk": 40,
        "fields": {
            "name": "Can view country",
            "content_type": 10,
            "codename": "view_country"
        }
    },
    {
        "model": "auth.permission",
        "pk": 41,
        "fields": {
            "name": "Can add business",
            "content_type": 11,
            "codename": "add_business"
        }
    },
    {
        "model": "auth.permission",
        "pk": 42,
        "fields": {
            "name": "Can change business",
            "content_type": 11,
            "codename": "change_business"
        }
    },
    {
        "model": "auth.permission",
        "pk": 43,
        "fields": {
            "name": "Can delete business",
            "content_type": 11,
            "codename": "delete_business"
        }
    },
    {
        "model": "auth.permission",
        "pk": 44,
        "fields": {
            "name": "Can view business",
            "content_type": 11,
            "codename": "view_business"
        }
    },
    {
        "model": "auth.permission",
        "pk": 45,
        "fields": {
            "name": "Can add api_ key",
            "content_type": 12,
            "codename": "add_api_key"
        }
    },
    {
        "model": "auth.permission",
        "pk": 46,
        "fields": {
            "name": "Can change api_ key",
            "content_type": 12,
            "codename": "change_api_key"
        }
    },
    {
        "model": "auth.permission",
        "pk": 47,
        "fields": {
            "name": "Can delete api_ key",
            "content_type": 12,
            "codename": "delete_api_key"
        }
    },
    {
        "model": "auth.permission",
        "pk": 48,
        "fields": {
            "name": "Can view api_ key",
            "content_type": 12,
            "codename": "view_api_key"
        }
    },
    {
        "model": "auth.permission",
        "pk": 49,
        "fields": {
            "name": "Can add assets",
            "content_type": 13,
            "codename": "add_assets"
        }
    },
    {
        "model": "auth.permission",
        "pk": 50,
        "fields": {
            "name": "Can change assets",
            "content_type": 13,
            "codename": "change_assets"
        }
    },
    {
        "model": "auth.permission",
        "pk": 51,
        "fields": {
            "name": "Can delete assets",
            "content_type": 13,
            "codename": "delete_assets"
        }
    },
    {
        "model": "auth.permission",
        "pk": 52,
        "fields": {
            "name": "Can view assets",
            "content_type": 13,
            "codename": "view_assets"
        }
    },
    {
        "model": "auth.permission",
        "pk": 53,
        "fields": {
            "name": "Can add blockchain",
            "content_type": 14,
            "codename": "add_blockchain"
        }
    },
    {
        "model": "auth.permission",
        "pk": 54,
        "fields": {
            "name": "Can change blockchain",
            "content_type": 14,
            "codename": "change_blockchain"
        }
    },
    {
        "model": "auth.permission",
        "pk": 55,
        "fields": {
            "name": "Can delete blockchain",
            "content_type": 14,
            "codename": "delete_blockchain"
        }
    },
    {
        "model": "auth.permission",
        "pk": 56,
        "fields": {
            "name": "Can view blockchain",
            "content_type": 14,
            "codename": "view_blockchain"
        }
    },
    {
        "model": "auth.permission",
        "pk": 57,
        "fields": {
            "name": "Can add address_ subscription",
            "content_type": 15,
            "codename": "add_address_subscription"
        }
    },
    {
        "model": "auth.permission",
        "pk": 58,
        "fields": {
            "name": "Can change address_ subscription",
            "content_type": 15,
            "codename": "change_address_subscription"
        }
    },
    {
        "model": "auth.permission",
        "pk": 59,
        "fields": {
            "name": "Can delete address_ subscription",
            "content_type": 15,
            "codename": "delete_address_subscription"
        }
    },
    {
        "model": "auth.permission",
        "pk": 60,
        "fields": {
            "name": "Can view address_ subscription",
            "content_type": 15,
            "codename": "view_address_subscription"
        }
    },
    {
        "model": "auth.permission",
        "pk": 61,
        "fields": {
            "name": "Can add cryptocurrency",
            "content_type": 16,
            "codename": "add_cryptocurrency"
        }
    },
    {
        "model": "auth.permission",
        "pk": 62,
        "fields": {
            "name": "Can change cryptocurrency",
            "content_type": 16,
            "codename": "change_cryptocurrency"
        }
    },
    {
        "model": "auth.permission",
        "pk": 63,
        "fields": {
            "name": "Can delete cryptocurrency",
            "content_type": 16,
            "codename": "delete_cryptocurrency"
        }
    },
    {
        "model": "auth.permission",
        "pk": 64,
        "fields": {
            "name": "Can view cryptocurrency",
            "content_type": 16,
            "codename": "view_cryptocurrency"
        }
    },
    {
        "model": "auth.permission",
        "pk": 65,
        "fields": {
            "name": "Can add address",
            "content_type": 17,
            "codename": "add_address"
        }
    },
    {
        "model": "auth.permission",
        "pk": 66,
        "fields": {
            "name": "Can change address",
            "content_type": 17,
            "codename": "change_address"
        }
    },
    {
        "model": "auth.permission",
        "pk": 67,
        "fields": {
            "name": "Can delete address",
            "content_type": 17,
            "codename": "delete_address"
        }
    },
    {
        "model": "auth.permission",
        "pk": 68,
        "fields": {
            "name": "Can view address",
            "content_type": 17,
            "codename": "view_address"
        }
    },
    {
        "model": "auth.permission",
        "pk": 69,
        "fields": {
            "name": "Can add network",
            "content_type": 18,
            "codename": "add_network"
        }
    },
    {
        "model": "auth.permission",
        "pk": 70,
        "fields": {
            "name": "Can change network",
            "content_type": 18,
            "codename": "change_network"
        }
    },
    {
        "model": "auth.permission",
        "pk": 71,
        "fields": {
            "name": "Can delete network",
            "content_type": 18,
            "codename": "delete_network"
        }
    },
    {
        "model": "auth.permission",
        "pk": 72,
        "fields": {
            "name": "Can view network",
            "content_type": 18,
            "codename": "view_network"
        }
    },
    {
        "model": "auth.permission",
        "pk": 73,
        "fields": {
            "name": "Can add transaction_ outs",
            "content_type": 19,
            "codename": "add_transaction_outs"
        }
    },
    {
        "model": "auth.permission",
        "pk": 74,
        "fields": {
            "name": "Can change transaction_ outs",
            "content_type": 19,
            "codename": "change_transaction_outs"
        }
    },
    {
        "model": "auth.permission",
        "pk": 75,
        "fields": {
            "name": "Can delete transaction_ outs",
            "content_type": 19,
            "codename": "delete_transaction_outs"
        }
    },
    {
        "model": "auth.permission",
        "pk": 76,
        "fields": {
            "name": "Can view transaction_ outs",
            "content_type": 19,
            "codename": "view_transaction_outs"
        }
    },
    {
        "model": "auth.permission",
        "pk": 77,
        "fields": {
            "name": "Can add transaction_ book",
            "content_type": 20,
            "codename": "add_transaction_book"
        }
    },
    {
        "model": "auth.permission",
        "pk": 78,
        "fields": {
            "name": "Can change transaction_ book",
            "content_type": 20,
            "codename": "change_transaction_book"
        }
    },
    {
        "model": "auth.permission",
        "pk": 79,
        "fields": {
            "name": "Can delete transaction_ book",
            "content_type": 20,
            "codename": "delete_transaction_book"
        }
    },
    {
        "model": "auth.permission",
        "pk": 80,
        "fields": {
            "name": "Can view transaction_ book",
            "content_type": 20,
            "codename": "view_transaction_book"
        }
    },
    {
        "model": "auth.permission",
        "pk": 81,
        "fields": {
            "name": "Can add transaction",
            "content_type": 21,
            "codename": "add_transaction"
        }
    },
    {
        "model": "auth.permission",
        "pk": 82,
        "fields": {
            "name": "Can change transaction",
            "content_type": 21,
            "codename": "change_transaction"
        }
    },
    {
        "model": "auth.permission",
        "pk": 83,
        "fields": {
            "name": "Can delete transaction",
            "content_type": 21,
            "codename": "delete_transaction"
        }
    },
    {
        "model": "auth.permission",
        "pk": 84,
        "fields": {
            "name": "Can view transaction",
            "content_type": 21,
            "codename": "view_transaction"
        }
    },
    {
        "model": "auth.permission",
        "pk": 85,
        "fields": {
            "name": "Can add fiat_ currency",
            "content_type": 22,
            "codename": "add_fiat_currency"
        }
    },
    {
        "model": "auth.permission",
        "pk": 86,
        "fields": {
            "name": "Can change fiat_ currency",
            "content_type": 22,
            "codename": "change_fiat_currency"
        }
    },
    {
        "model": "auth.permission",
        "pk": 87,
        "fields": {
            "name": "Can delete fiat_ currency",
            "content_type": 22,
            "codename": "delete_fiat_currency"
        }
    },
    {
        "model": "auth.permission",
        "pk": 88,
        "fields": {
            "name": "Can view fiat_ currency",
            "content_type": 22,
            "codename": "view_fiat_currency"
        }
    },
    {
        "model": "auth.permission",
        "pk": 89,
        "fields": {
            "name": "Can add transaction_ ins",
            "content_type": 23,
            "codename": "add_transaction_ins"
        }
    },
    {
        "model": "auth.permission",
        "pk": 90,
        "fields": {
            "name": "Can change transaction_ ins",
            "content_type": 23,
            "codename": "change_transaction_ins"
        }
    },
    {
        "model": "auth.permission",
        "pk": 91,
        "fields": {
            "name": "Can delete transaction_ ins",
            "content_type": 23,
            "codename": "delete_transaction_ins"
        }
    },
    {
        "model": "auth.permission",
        "pk": 92,
        "fields": {
            "name": "Can view transaction_ ins",
            "content_type": 23,
            "codename": "view_transaction_ins"
        }
    },
    {
        "model": "auth.permission",
        "pk": 93,
        "fields": {
            "name": "Can add digital_ currency",
            "content_type": 24,
            "codename": "add_digital_currency"
        }
    },
    {
        "model": "auth.permission",
        "pk": 94,
        "fields": {
            "name": "Can change digital_ currency",
            "content_type": 24,
            "codename": "change_digital_currency"
        }
    },
    {
        "model": "auth.permission",
        "pk": 95,
        "fields": {
            "name": "Can delete digital_ currency",
            "content_type": 24,
            "codename": "delete_digital_currency"
        }
    },
    {
        "model": "auth.permission",
        "pk": 96,
        "fields": {
            "name": "Can view digital_ currency",
            "content_type": 24,
            "codename": "view_digital_currency"
        }
    },
    {
        "model": "auth.permission",
        "pk": 97,
        "fields": {
            "name": "Can add address subscription",
            "content_type": 15,
            "codename": "add_addresssubscription"
        }
    },
    {
        "model": "auth.permission",
        "pk": 98,
        "fields": {
            "name": "Can change address subscription",
            "content_type": 15,
            "codename": "change_addresssubscription"
        }
    },
    {
        "model": "auth.permission",
        "pk": 99,
        "fields": {
            "name": "Can delete address subscription",
            "content_type": 15,
            "codename": "delete_addresssubscription"
        }
    },
    {
        "model": "auth.permission",
        "pk": 100,
        "fields": {
            "name": "Can view address subscription",
            "content_type": 15,
            "codename": "view_addresssubscription"
        }
    },
    {
        "model": "auth.permission",
        "pk": 101,
        "fields": {
            "name": "Can add digital currency",
            "content_type": 24,
            "codename": "add_digitalcurrency"
        }
    },
    {
        "model": "auth.permission",
        "pk": 102,
        "fields": {
            "name": "Can change digital currency",
            "content_type": 24,
            "codename": "change_digitalcurrency"
        }
    },
    {
        "model": "auth.permission",
        "pk": 103,
        "fields": {
            "name": "Can delete digital currency",
            "content_type": 24,
            "codename": "delete_digitalcurrency"
        }
    },
    {
        "model": "auth.permission",
        "pk": 104,
        "fields": {
            "name": "Can view digital currency",
            "content_type": 24,
            "codename": "view_digitalcurrency"
        }
    },
    {
        "model": "auth.permission",
        "pk": 105,
        "fields": {
            "name": "Can add api key",
            "content_type": 12,
            "codename": "add_apikey"
        }
    },
    {
        "model": "auth.permission",
        "pk": 106,
        "fields": {
            "name": "Can change api key",
            "content_type": 12,
            "codename": "change_apikey"
        }
    },
    {
        "model": "auth.permission",
        "pk": 107,
        "fields": {
            "name": "Can delete api key",
            "content_type": 12,
            "codename": "delete_apikey"
        }
    },
    {
        "model": "auth.permission",
        "pk": 108,
        "fields": {
            "name": "Can view api key",
            "content_type": 12,
            "codename": "view_apikey"
        }
    },
    {
        "model": "auth.permission",
        "pk": 109,
        "fields": {
            "name": "Can add transaction book",
            "content_type": 20,
            "codename": "add_transactionbook"
        }
    },
    {
        "model": "auth.permission",
        "pk": 110,
        "fields": {
            "name": "Can change transaction book",
            "content_type": 20,
            "codename": "change_transactionbook"
        }
    },
    {
        "model": "auth.permission",
        "pk": 111,
        "fields": {
            "name": "Can delete transaction book",
            "content_type": 20,
            "codename": "delete_transactionbook"
        }
    },
    {
        "model": "auth.permission",
        "pk": 112,
        "fields": {
            "name": "Can view transaction book",
            "content_type": 20,
            "codename": "view_transactionbook"
        }
    },
    {
        "model": "auth.permission",
        "pk": 113,
        "fields": {
            "name": "Can add transaction ins",
            "content_type": 23,
            "codename": "add_transactionins"
        }
    },
    {
        "model": "auth.permission",
        "pk": 114,
        "fields": {
            "name": "Can change transaction ins",
            "content_type": 23,
            "codename": "change_transactionins"
        }
    },
    {
        "model": "auth.permission",
        "pk": 115,
        "fields": {
            "name": "Can delete transaction ins",
            "content_type": 23,
            "codename": "delete_transactionins"
        }
    },
    {
        "model": "auth.permission",
        "pk": 116,
        "fields": {
            "name": "Can view transaction ins",
            "content_type": 23,
            "codename": "view_transactionins"
        }
    },
    {
        "model": "auth.permission",
        "pk": 117,
        "fields": {
            "name": "Can add transaction outs",
            "content_type": 19,
            "codename": "add_transactionouts"
        }
    },
    {
        "model": "auth.permission",
        "pk": 118,
        "fields": {
            "name": "Can change transaction outs",
            "content_type": 19,
            "codename": "change_transactionouts"
        }
    },
    {
        "model": "auth.permission",
        "pk": 119,
        "fields": {
            "name": "Can delete transaction outs",
            "content_type": 19,
            "codename": "delete_transactionouts"
        }
    },
    {
        "model": "auth.permission",
        "pk": 120,
        "fields": {
            "name": "Can view transaction outs",
            "content_type": 19,
            "codename": "view_transactionouts"
        }
    },
    {
        "model": "auth.permission",
        "pk": 121,
        "fields": {
            "name": "Can add asset",
            "content_type": 25,
            "codename": "add_asset"
        }
    },
    {
        "model": "auth.permission",
        "pk": 122,
        "fields": {
            "name": "Can change asset",
            "content_type": 25,
            "codename": "change_asset"
        }
    },
    {
        "model": "auth.permission",
        "pk": 123,
        "fields": {
            "name": "Can delete asset",
            "content_type": 25,
            "codename": "delete_asset"
        }
    },
    {
        "model": "auth.permission",
        "pk": 124,
        "fields": {
            "name": "Can view asset",
            "content_type": 25,
            "codename": "view_asset"
        }
    },
    {
        "model": "auth.user",
        "pk": 1,
        "fields": {
            "password": "pbkdf2_sha256$390000$HEVKdFZaB5NNFaZNsVWUrD$8r4ucvRliDx+Q2CUDgKjMVQeflR1Axgb+3kBbBUK5lQ=",
            "last_login": null,
            "is_superuser": false,
            "username": "albertonavarreteramirez@gmail.com",
            "first_name": "Alberto",
            "last_name": "Navarrete",
            "email": "albertonavarreteramirez@gmail.com",
            "is_staff": false,
            "is_active": true,
            "date_joined": "2022-09-27T21:52:22.707Z",
            "groups": [],
            "user_permissions": []
        }
    },
    {
        "model": "auth.user",
        "pk": 2,
        "fields": {
            "password": "pbkdf2_sha256$390000$9WRqJqr5YvPEeBAlJxTzDf$GKN/hxX9TSURP2A+cEZFP/FRaGZtMroggggjZMqeDR0=",
            "last_login": null,
            "is_superuser": false,
            "username": "momoidemcg@gmail.com",
            "first_name": "Test",
            "last_name": "Mail",
            "email": "momoidemcg@gmail.com",
            "is_staff": false,
            "is_active": true,
            "date_joined": "2022-10-13T20:41:03.065Z",
            "groups": [],
            "user_permissions": []
        }
    },
    {
        "model": "auth.user",
        "pk": 3,
        "fields": {
            "password": "pbkdf2_sha256$390000$0x91C5D8CcRJ2cfOGtknVC$p4b5jWlMWwsjUpRwN/WNO3lH81VBXF0SLC9QJYPYk+8=",
            "last_login": null,
            "is_superuser": false,
            "username": "testmail@cryptosharepay.com",
            "first_name": "TEST",
            "last_name": "MAIL",
            "email": "testmail@cryptosharepay.com",
            "is_staff": false,
            "is_active": true,
            "date_joined": "2022-10-13T21:16:18.886Z",
            "groups": [],
            "user_permissions": []
        }
    },
    {
        "model": "auth.user",
        "pk": 4,
        "fields": {
            "password": "pbkdf2_sha256$390000$Xr9wEsC8RkpEyi7TFWlrjS$hunIY60u4Dm8wJyLlzFAi5L2/qcEY2ljbDvLlln1JpY=",
            "last_login": null,
            "is_superuser": false,
            "username": "albertonavarreteramire2z@gmail.com",
            "first_name": "Alberto",
            "last_name": "Navarrete",
            "email": "albertonavarreteramire2z@gmail.com",
            "is_staff": false,
            "is_active": true,
            "date_joined": "2022-10-22T20:56:52.122Z",
            "groups": [],
            "user_permissions": []
        }
    },
    {
        "model": "auth.user",
        "pk": 5,
        "fields": {
            "password": "pbkdf2_sha256$390000$G71OuHsYJ83S5ZC2e4SzQs$NiwKsjK3RC6cQD6Nent0CumAopumdOIAwdi22QvKQ9A=",
            "last_login": null,
            "is_superuser": false,
            "username": "test2@gmail.com",
            "first_name": "Alberto",
            "last_name": "Navarrete",
            "email": "test2@gmail.com",
            "is_staff": false,
            "is_active": true,
            "date_joined": "2022-10-22T21:04:08.268Z",
            "groups": [],
            "user_permissions": []
        }
    },
    {
        "model": "auth.user",
        "pk": 6,
        "fields": {
            "password": "pbkdf2_sha256$390000$vmr7x8hslK73SlmVT3ZAkz$LjuZBqcn87dnEMLKdeoE0MG1okqTGNfglK2ONYM5xSg=",
            "last_login": null,
            "is_superuser": false,
            "username": "test3@gmail.com",
            "first_name": "Alberto",
            "last_name": "Navarrete",
            "email": "test3@gmail.com",
            "is_staff": false,
            "is_active": true,
            "date_joined": "2022-10-23T03:16:13.994Z",
            "groups": [],
            "user_permissions": []
        }
    },
    {
        "model": "auth.user",
        "pk": 7,
        "fields": {
            "password": "pbkdf2_sha256$390000$tS6va7axDrvpvPCszJA46U$W+LSVC35yaYrg/yr51bDM6POKOhPjMwGDGTEjH+GA30=",
            "last_login": null,
            "is_superuser": false,
            "username": "testaccount@cryptosharepay.com",
            "first_name": "TEST",
            "last_name": "ACCOUNT",
            "email": "testaccount@cryptosharepay.com",
            "is_staff": false,
            "is_active": true,
            "date_joined": "2022-10-23T03:43:01.053Z",
            "groups": [],
            "user_permissions": []
        }
    },
    {
        "model": "auth.user",
        "pk": 8,
        "fields": {
            "password": "pbkdf2_sha256$390000$jEv9eRSwNmpbLwti8oI8xZ$/W2hxBDEx/leV5N/+uB1Q8XduwIkv4AHWl1RTXJNVQA=",
            "last_login": null,
            "is_superuser": false,
            "username": "test211@gmail.com",
            "first_name": "Jhon",
            "last_name": "Doe",
            "email": "test211@gmail.com",
            "is_staff": false,
            "is_active": true,
            "date_joined": "2022-10-23T04:41:26.225Z",
            "groups": [],
            "user_permissions": []
        }
    },
    {
        "model": "auth.user",
        "pk": 9,
        "fields": {
            "password": "pbkdf2_sha256$390000$2hRoxNBL5qly8mzwANMdGV$AQBKmsUq9ZQQEt63FjxDE8acoiFYahh1LL4o5TGq32M=",
            "last_login": null,
            "is_superuser": false,
            "username": "albertonavarreteramirez@outlook.com",
            "first_name": "Alberto",
            "last_name": "Navarrete",
            "email": "albertonavarreteramirez@outlook.com",
            "is_staff": false,
            "is_active": true,
            "date_joined": "2022-10-23T19:11:27.361Z",
            "groups": [],
            "user_permissions": []
        }
    },
    {
        "model": "auth.user",
        "pk": 10,
        "fields": {
            "password": "pbkdf2_sha256$390000$J4ylFaPPWCqzTQ9fszhugy$b/zOX0xP33cHsjYiIDs/7WNmx5aNnnrvJrqrCGqwbu0=",
            "last_login": null,
            "is_superuser": false,
            "username": "gmol013@hotmail.com",
            "first_name": "Giselle",
            "last_name": "Ortiz",
            "email": "gmol013@hotmail.com",
            "is_staff": false,
            "is_active": true,
            "date_joined": "2022-10-23T19:45:09.955Z",
            "groups": [],
            "user_permissions": []
        }
    },
    {
        "model": "auth.user",
        "pk": 11,
        "fields": {
            "password": "pbkdf2_sha256$390000$UYH7cwnlFkMSozSaxtZx0l$BBtEccUiNhlNUUzKsLdsWKySE1zzsa7uqOtxyRLl9zk=",
            "last_login": null,
            "is_superuser": false,
            "username": "anadescientist@gmail.com",
            "first_name": "",
            "last_name": "",
            "email": "anadescientist@gmail.com",
            "is_staff": false,
            "is_active": true,
            "date_joined": "2022-10-26T20:31:26.323Z",
            "groups": [],
            "user_permissions": []
        }
    },
    {
        "model": "contenttypes.contenttype",
        "pk": 1,
        "fields": {
            "app_label": "admin",
            "model": "logentry"
        }
    },
    {
        "model": "contenttypes.contenttype",
        "pk": 2,
        "fields": {
            "app_label": "auth",
            "model": "permission"
        }
    },
    {
        "model": "contenttypes.contenttype",
        "pk": 3,
        "fields": {
            "app_label": "auth",
            "model": "group"
        }
    },
    {
        "model": "contenttypes.contenttype",
        "pk": 4,
        "fields": {
            "app_label": "auth",
            "model": "user"
        }
    },
    {
        "model": "contenttypes.contenttype",
        "pk": 5,
        "fields": {
            "app_label": "contenttypes",
            "model": "contenttype"
        }
    },
    {
        "model": "contenttypes.contenttype",
        "pk": 6,
        "fields": {
            "app_label": "sessions",
            "model": "session"
        }
    },
    {
        "model": "contenttypes.contenttype",
        "pk": 7,
        "fields": {
            "app_label": "accounts",
            "model": "business"
        }
    },
    {
        "model": "contenttypes.contenttype",
        "pk": 8,
        "fields": {
            "app_label": "accounts",
            "model": "api_key"
        }
    },
    {
        "model": "contenttypes.contenttype",
        "pk": 9,
        "fields": {
            "app_label": "accounts",
            "model": "account"
        }
    },
    {
        "model": "contenttypes.contenttype",
        "pk": 10,
        "fields": {
            "app_label": "accounts",
            "model": "country"
        }
    },
    {
        "model": "contenttypes.contenttype",
        "pk": 11,
        "fields": {
            "app_label": "businesses",
            "model": "business"
        }
    },
    {
        "model": "contenttypes.contenttype",
        "pk": 12,
        "fields": {
            "app_label": "api_keys",
            "model": "apikey"
        }
    },
    {
        "model": "contenttypes.contenttype",
        "pk": 13,
        "fields": {
            "app_label": "api_keys",
            "model": "assets"
        }
    },
    {
        "model": "contenttypes.contenttype",
        "pk": 14,
        "fields": {
            "app_label": "cryptocurrency",
            "model": "blockchain"
        }
    },
    {
        "model": "contenttypes.contenttype",
        "pk": 15,
        "fields": {
            "app_label": "cryptocurrency",
            "model": "addresssubscription"
        }
    },
    {
        "model": "contenttypes.contenttype",
        "pk": 16,
        "fields": {
            "app_label": "cryptocurrency",
            "model": "cryptocurrency"
        }
    },
    {
        "model": "contenttypes.contenttype",
        "pk": 17,
        "fields": {
            "app_label": "cryptocurrency",
            "model": "address"
        }
    },
    {
        "model": "contenttypes.contenttype",
        "pk": 18,
        "fields": {
            "app_label": "cryptocurrency",
            "model": "network"
        }
    },
    {
        "model": "contenttypes.contenttype",
        "pk": 19,
        "fields": {
            "app_label": "transactions",
            "model": "transactionouts"
        }
    },
    {
        "model": "contenttypes.contenttype",
        "pk": 20,
        "fields": {
            "app_label": "transactions",
            "model": "transactionbook"
        }
    },
    {
        "model": "contenttypes.contenttype",
        "pk": 21,
        "fields": {
            "app_label": "transactions",
            "model": "transaction"
        }
    },
    {
        "model": "contenttypes.contenttype",
        "pk": 22,
        "fields": {
            "app_label": "transactions",
            "model": "fiat_currency"
        }
    },
    {
        "model": "contenttypes.contenttype",
        "pk": 23,
        "fields": {
            "app_label": "transactions",
            "model": "transactionins"
        }
    },
    {
        "model": "contenttypes.contenttype",
        "pk": 24,
        "fields": {
            "app_label": "digital_currency",
            "model": "digitalcurrency"
        }
    },
    {
        "model": "contenttypes.contenttype",
        "pk": 25,
        "fields": {
            "app_label": "assets",
            "model": "asset"
        }
    },
    {
        "model": "sessions.session",
        "pk": "z08s9tz7nwv73jttutgycbfjb6vbyimv",
        "fields": {
            "session_data": "eyJ1cmxfdmFycyI6eyJjaWRlIjoiQlRDIn0sIm5ldHdvcmsiOiJtYWlubmV0In0:1ogfCJ:b1xYDahzuny47QCkUCMtXNBk_FTNlGB-5UbXnUdQyJ4",
            "expire_date": "2022-10-21T04:42:55.098Z"
        }
    },
    {
        "model": "accounts.country",
        "pk": "AD",
        "fields": {
            "country_name": "Andorra",
            "status": "ALLOW"
        }
    },
    {
        "model": "accounts.country",
        "pk": "AE",
        "fields": {
            "country_name": "United Arab Emirates",
            "status": "ALLOW"
        }
    },
    {
        "model": "accounts.country",
        "pk": "AF",
        "fields": {
            "country_name": "Afghanistan",
            "status": "BLOCK"
        }
    },
    {
        "model": "accounts.country",
        "pk": "AG",
        "fields": {
            "country_name": "Antigua and Barbuda",
            "status": "ALLOW"
        }
    },
    {
        "model": "accounts.country",
        "pk": "AI",
        "fields": {
            "country_name": "Anguilla",
            "status": "ALLOW"
        }
    },
    {
        "model": "accounts.country",
        "pk": "AM",
        "fields": {
            "country_name": "Armenia",
            "status": "ALLOW"
        }
    },
    {
        "model": "accounts.country",
        "pk": "AN",
        "fields": {
            "country_name": "Netherlands Antilles",
            "status": "ALLOW"
        }
    },
    {
        "model": "accounts.country",
        "pk": "AO",
        "fields": {
            "country_name": "Angola",
            "status": "ALLOW"
        }
    },
    {
        "model": "accounts.country",
        "pk": "AQ",
        "fields": {
            "country_name": "Antarctica",
            "status": "ALLOW"
        }
    },
    {
        "model": "accounts.country",
        "pk": "AR",
        "fields": {
            "country_name": "Argentina",
            "status": "ALLOW"
        }
    },
    {
        "model": "accounts.country",
        "pk": "AS",
        "fields": {
            "country_name": "American Samoa",
            "status": "ALLOW"
        }
    },
    {
        "model": "accounts.country",
        "pk": "AT",
        "fields": {
            "country_name": "Austria",
            "status": "ALLOW"
        }
    },
    {
        "model": "accounts.country",
        "pk": "AU",
        "fields": {
            "country_name": "Australia",
            "status": "ALLOW"
        }
    },
    {
        "model": "accounts.country",
        "pk": "AW",
        "fields": {
            "country_name": "Aruba",
            "status": "ALLOW"
        }
    },
    {
        "model": "accounts.country",
        "pk": "AX",
        "fields": {
            "country_name": "Aland Islands",
            "status": "ALLOW"
        }
    },
    {
        "model": "accounts.country",
        "pk": "AZ",
        "fields": {
            "country_name": "Azerbaijan",
            "status": "ALLOW"
        }
    },
    {
        "model": "accounts.country",
        "pk": "BB",
        "fields": {
            "country_name": "Barbados",
            "status": "ALLOW"
        }
    },
    {
        "model": "accounts.country",
        "pk": "BE",
        "fields": {
            "country_name": "Belgium",
            "status": "ALLOW"
        }
    },
    {
        "model": "accounts.country",
        "pk": "BF",
        "fields": {
            "country_name": "Burkina Faso",
            "status": "ALLOW"
        }
    },
    {
        "model": "accounts.country",
        "pk": "BH",
        "fields": {
            "country_name": "Bahrain",
            "status": "ALLOW"
        }
    },
    {
        "model": "accounts.country",
        "pk": "BI",
        "fields": {
            "country_name": "Burundi",
            "status": "ALLOW"
        }
    },
    {
        "model": "accounts.country",
        "pk": "BJ",
        "fields": {
            "country_name": "Benin",
            "status": "ALLOW"
        }
    },
    {
        "model": "accounts.country",
        "pk": "BL",
        "fields": {
            "country_name": "Saint Barthelemy",
            "status": "ALLOW"
        }
    },
    {
        "model": "accounts.country",
        "pk": "BM",
        "fields": {
            "country_name": "Bermuda",
            "status": "ALLOW"
        }
    },
    {
        "model": "accounts.country",
        "pk": "BN",
        "fields": {
            "country_name": "Brunei Darussalam",
            "status": "ALLOW"
        }
    },
    {
        "model": "accounts.country",
        "pk": "BQ",
        "fields": {
            "country_name": "Bonaire, Sint Eustatius and Saba",
            "status": "ALLOW"
        }
    },
    {
        "model": "accounts.country",
        "pk": "BR",
        "fields": {
            "country_name": "Brazil",
            "status": "ALLOW"
        }
    },
    {
        "model": "accounts.country",
        "pk": "BS",
        "fields": {
            "country_name": "Bahamas",
            "status": "ALLOW"
        }
    },
    {
        "model": "accounts.country",
        "pk": "BT",
        "fields": {
            "country_name": "Bhutan",
            "status": "ALLOW"
        }
    },
    {
        "model": "accounts.country",
        "pk": "BV",
        "fields": {
            "country_name": "Bouvet Island",
            "status": "ALLOW"
        }
    },
    {
        "model": "accounts.country",
        "pk": "BW",
        "fields": {
            "country_name": "Botswana",
            "status": "ALLOW"
        }
    },
    {
        "model": "accounts.country",
        "pk": "BZ",
        "fields": {
            "country_name": "Belize",
            "status": "ALLOW"
        }
    },
    {
        "model": "accounts.country",
        "pk": "CA",
        "fields": {
            "country_name": "Canada",
            "status": "ALLOW"
        }
    },
    {
        "model": "accounts.country",
        "pk": "CC",
        "fields": {
            "country_name": "Cocos (Keeling) Islands",
            "status": "ALLOW"
        }
    },
    {
        "model": "accounts.country",
        "pk": "CF",
        "fields": {
            "country_name": "Central African Republic",
            "status": "ALLOW"
        }
    },
    {
        "model": "accounts.country",
        "pk": "CH",
        "fields": {
            "country_name": "Switzerland",
            "status": "ALLOW"
        }
    },
    {
        "model": "accounts.country",
        "pk": "CK",
        "fields": {
            "country_name": "Cook Islands",
            "status": "ALLOW"
        }
    },
    {
        "model": "accounts.country",
        "pk": "CL",
        "fields": {
            "country_name": "Chile",
            "status": "ALLOW"
        }
    },
    {
        "model": "accounts.country",
        "pk": "CM",
        "fields": {
            "country_name": "Cameroon",
            "status": "ALLOW"
        }
    },
    {
        "model": "accounts.country",
        "pk": "CO",
        "fields": {
            "country_name": "Colombia",
            "status": "ALLOW"
        }
    },
    {
        "model": "accounts.country",
        "pk": "CR",
        "fields": {
            "country_name": "Costa Rica",
            "status": "ALLOW"
        }
    },
    {
        "model": "accounts.country",
        "pk": "CV",
        "fields": {
            "country_name": "Cape Verde",
            "status": "ALLOW"
        }
    },
    {
        "model": "accounts.country",
        "pk": "CW",
        "fields": {
            "country_name": "Curacao",
            "status": "ALLOW"
        }
    },
    {
        "model": "accounts.country",
        "pk": "CX",
        "fields": {
            "country_name": "Christmas Island",
            "status": "ALLOW"
        }
    },
    {
        "model": "accounts.country",
        "pk": "CY",
        "fields": {
            "country_name": "Cyprus",
            "status": "ALLOW"
        }
    },
    {
        "model": "accounts.country",
        "pk": "CZ",
        "fields": {
            "country_name": "Czech Republic",
            "status": "ALLOW"
        }
    },
    {
        "model": "accounts.country",
        "pk": "DE",
        "fields": {
            "country_name": "Germany",
            "status": "ALLOW"
        }
    },
    {
        "model": "accounts.country",
        "pk": "DJ",
        "fields": {
            "country_name": "Djibouti",
            "status": "ALLOW"
        }
    },
    {
        "model": "accounts.country",
        "pk": "DK",
        "fields": {
            "country_name": "Denmark",
            "status": "ALLOW"
        }
    },
    {
        "model": "accounts.country",
        "pk": "DM",
        "fields": {
            "country_name": "Dominica",
            "status": "ALLOW"
        }
    },
    {
        "model": "accounts.country",
        "pk": "DO",
        "fields": {
            "country_name": "Dominican Republic",
            "status": "ALLOW"
        }
    },
    {
        "model": "accounts.country",
        "pk": "EC",
        "fields": {
            "country_name": "Ecuador",
            "status": "ALLOW"
        }
    },
    {
        "model": "accounts.country",
        "pk": "EE",
        "fields": {
            "country_name": "Estonia",
            "status": "ALLOW"
        }
    },
    {
        "model": "accounts.country",
        "pk": "EH",
        "fields": {
            "country_name": "Western Sahara",
            "status": "ALLOW"
        }
    },
    {
        "model": "accounts.country",
        "pk": "ER",
        "fields": {
            "country_name": "Eritrea",
            "status": "BLOCK"
        }
    },
    {
        "model": "accounts.country",
        "pk": "ES",
        "fields": {
            "country_name": "Spain",
            "status": "ALLOW"
        }
    },
    {
        "model": "accounts.country",
        "pk": "ET",
        "fields": {
            "country_name": "Ethiopia",
            "status": "ALLOW"
        }
    },
    {
        "model": "accounts.country",
        "pk": "FI",
        "fields": {
            "country_name": "Finland",
            "status": "ALLOW"
        }
    },
    {
        "model": "accounts.country",
        "pk": "FJ",
        "fields": {
            "country_name": "Fiji",
            "status": "ALLOW"
        }
    },
    {
        "model": "accounts.country",
        "pk": "FK",
        "fields": {
            "country_name": "Falkland Islands (Malvinas)",
            "status": "ALLOW"
        }
    },
    {
        "model": "accounts.country",
        "pk": "FM",
        "fields": {
            "country_name": "Micronesia, Federated States of",
            "status": "ALLOW"
        }
    },
    {
        "model": "accounts.country",
        "pk": "FO",
        "fields": {
            "country_name": "Faroe Islands",
            "status": "ALLOW"
        }
    },
    {
        "model": "accounts.country",
        "pk": "FR",
        "fields": {
            "country_name": "France",
            "status": "ALLOW"
        }
    },
    {
        "model": "accounts.country",
        "pk": "GA",
        "fields": {
            "country_name": "Gabon",
            "status": "ALLOW"
        }
    },
    {
        "model": "accounts.country",
        "pk": "GB",
        "fields": {
            "country_name": "United Kingdom",
            "status": "ALLOW"
        }
    },
    {
        "model": "accounts.country",
        "pk": "GD",
        "fields": {
            "country_name": "Grenada",
            "status": "ALLOW"
        }
    },
    {
        "model": "accounts.country",
        "pk": "GE",
        "fields": {
            "country_name": "Georgia",
            "status": "ALLOW"
        }
    },
    {
        "model": "accounts.country",
        "pk": "GF",
        "fields": {
            "country_name": "French Guiana",
            "status": "ALLOW"
        }
    },
    {
        "model": "accounts.country",
        "pk": "GG",
        "fields": {
            "country_name": "Guernsey",
            "status": "ALLOW"
        }
    },
    {
        "model": "accounts.country",
        "pk": "GH",
        "fields": {
            "country_name": "Ghana",
            "status": "ALLOW"
        }
    },
    {
        "model": "accounts.country",
        "pk": "GI",
        "fields": {
            "country_name": "Gibraltar",
            "status": "ALLOW"
        }
    },
    {
        "model": "accounts.country",
        "pk": "GL",
        "fields": {
            "country_name": "Greenland",
            "status": "ALLOW"
        }
    },
    {
        "model": "accounts.country",
        "pk": "GM",
        "fields": {
            "country_name": "Gambia",
            "status": "ALLOW"
        }
    },
    {
        "model": "accounts.country",
        "pk": "GN",
        "fields": {
            "country_name": "Guinea",
            "status": "ALLOW"
        }
    },
    {
        "model": "accounts.country",
        "pk": "GP",
        "fields": {
            "country_name": "Guadeloupe",
            "status": "ALLOW"
        }
    },
    {
        "model": "accounts.country",
        "pk": "GQ",
        "fields": {
            "country_name": "Equatorial Guinea",
            "status": "ALLOW"
        }
    },
    {
        "model": "accounts.country",
        "pk": "GR",
        "fields": {
            "country_name": "Greece",
            "status": "ALLOW"
        }
    },
    {
        "model": "accounts.country",
        "pk": "GS",
        "fields": {
            "country_name": "South Georgia and the South Sandwich Islands",
            "status": "ALLOW"
        }
    },
    {
        "model": "accounts.country",
        "pk": "GT",
        "fields": {
            "country_name": "Guatemala",
            "status": "ALLOW"
        }
    },
    {
        "model": "accounts.country",
        "pk": "GU",
        "fields": {
            "country_name": "Guam",
            "status": "ALLOW"
        }
    },
    {
        "model": "accounts.country",
        "pk": "GW",
        "fields": {
            "country_name": "Guinea-Bissau",
            "status": "ALLOW"
        }
    },
    {
        "model": "accounts.country",
        "pk": "GY",
        "fields": {
            "country_name": "Guyana",
            "status": "ALLOW"
        }
    },
    {
        "model": "accounts.country",
        "pk": "HK",
        "fields": {
            "country_name": "Hong Kong",
            "status": "ALLOW"
        }
    },
    {
        "model": "accounts.country",
        "pk": "HM",
        "fields": {
            "country_name": "Heard Island and Mcdonald Islands",
            "status": "ALLOW"
        }
    },
    {
        "model": "accounts.country",
        "pk": "HN",
        "fields": {
            "country_name": "Honduras",
            "status": "ALLOW"
        }
    },
    {
        "model": "accounts.country",
        "pk": "HT",
        "fields": {
            "country_name": "Haiti",
            "status": "ALLOW"
        }
    },
    {
        "model": "accounts.country",
        "pk": "HU",
        "fields": {
            "country_name": "Hungary",
            "status": "ALLOW"
        }
    },
    {
        "model": "accounts.country",
        "pk": "IE",
        "fields": {
            "country_name": "Ireland",
            "status": "ALLOW"
        }
    },
    {
        "model": "accounts.country",
        "pk": "IL",
        "fields": {
            "country_name": "Israel",
            "status": "ALLOW"
        }
    },
    {
        "model": "accounts.country",
        "pk": "IM",
        "fields": {
            "country_name": "Isle of Man",
            "status": "ALLOW"
        }
    },
    {
        "model": "accounts.country",
        "pk": "IN",
        "fields": {
            "country_name": "India",
            "status": "ALLOW"
        }
    },
    {
        "model": "accounts.country",
        "pk": "IO",
        "fields": {
            "country_name": "British Indian Ocean Territory",
            "status": "ALLOW"
        }
    },
    {
        "model": "accounts.country",
        "pk": "IS",
        "fields": {
            "country_name": "Iceland",
            "status": "ALLOW"
        }
    },
    {
        "model": "accounts.country",
        "pk": "IT",
        "fields": {
            "country_name": "Italy",
            "status": "ALLOW"
        }
    },
    {
        "model": "accounts.country",
        "pk": "JE",
        "fields": {
            "country_name": "Jersey",
            "status": "ALLOW"
        }
    },
    {
        "model": "accounts.country",
        "pk": "JM",
        "fields": {
            "country_name": "Jamaica",
            "status": "ALLOW"
        }
    },
    {
        "model": "accounts.country",
        "pk": "JO",
        "fields": {
            "country_name": "Jordan",
            "status": "ALLOW"
        }
    },
    {
        "model": "accounts.country",
        "pk": "JP",
        "fields": {
            "country_name": "Japan",
            "status": "ALLOW"
        }
    },
    {
        "model": "accounts.country",
        "pk": "KE",
        "fields": {
            "country_name": "Kenya",
            "status": "ALLOW"
        }
    },
    {
        "model": "accounts.country",
        "pk": "KG",
        "fields": {
            "country_name": "Kyrgyzstan",
            "status": "ALLOW"
        }
    },
    {
        "model": "accounts.country",
        "pk": "KH",
        "fields": {
            "country_name": "Cambodia",
            "status": "BLOCK"
        }
    },
    {
        "model": "accounts.country",
        "pk": "KI",
        "fields": {
            "country_name": "Kiribati",
            "status": "ALLOW"
        }
    },
    {
        "model": "accounts.country",
        "pk": "KM",
        "fields": {
            "country_name": "Comoros",
            "status": "ALLOW"
        }
    },
    {
        "model": "accounts.country",
        "pk": "KN",
        "fields": {
            "country_name": "Saint Kitts and Nevis",
            "status": "ALLOW"
        }
    },
    {
        "model": "accounts.country",
        "pk": "KR",
        "fields": {
            "country_name": "Korea, Republic of",
            "status": "ALLOW"
        }
    },
    {
        "model": "accounts.country",
        "pk": "KW",
        "fields": {
            "country_name": "Kuwait",
            "status": "ALLOW"
        }
    },
    {
        "model": "accounts.country",
        "pk": "KY",
        "fields": {
            "country_name": "Cayman Islands",
            "status": "ALLOW"
        }
    },
    {
        "model": "accounts.country",
        "pk": "KZ",
        "fields": {
            "country_name": "Kazakhstan",
            "status": "ALLOW"
        }
    },
    {
        "model": "accounts.country",
        "pk": "LA",
        "fields": {
            "country_name": "Lao People's Democratic Republic",
            "status": "BLOCK"
        }
    },
    {
        "model": "accounts.country",
        "pk": "LC",
        "fields": {
            "country_name": "Saint Lucia",
            "status": "ALLOW"
        }
    },
    {
        "model": "accounts.country",
        "pk": "LI",
        "fields": {
            "country_name": "Liechtenstein",
            "status": "ALLOW"
        }
    },
    {
        "model": "accounts.country",
        "pk": "LK",
        "fields": {
            "country_name": "Sri Lanka",
            "status": "ALLOW"
        }
    },
    {
        "model": "accounts.country",
        "pk": "LS",
        "fields": {
            "country_name": "Lesotho",
            "status": "ALLOW"
        }
    },
    {
        "model": "accounts.country",
        "pk": "LT",
        "fields": {
            "country_name": "Lithuania",
            "status": "ALLOW"
        }
    },
    {
        "model": "accounts.country",
        "pk": "LU",
        "fields": {
            "country_name": "Luxembourg",
            "status": "ALLOW"
        }
    },
    {
        "model": "accounts.country",
        "pk": "LV",
        "fields": {
            "country_name": "Latvia",
            "status": "ALLOW"
        }
    },
    {
        "model": "accounts.country",
        "pk": "MC",
        "fields": {
            "country_name": "Monaco",
            "status": "ALLOW"
        }
    },
    {
        "model": "accounts.country",
        "pk": "MD",
        "fields": {
            "country_name": "Moldova, Republic of",
            "status": "ALLOW"
        }
    },
    {
        "model": "accounts.country",
        "pk": "MF",
        "fields": {
            "country_name": "Saint Martin",
            "status": "ALLOW"
        }
    },
    {
        "model": "accounts.country",
        "pk": "MG",
        "fields": {
            "country_name": "Madagascar",
            "status": "ALLOW"
        }
    },
    {
        "model": "accounts.country",
        "pk": "MH",
        "fields": {
            "country_name": "Marshall Islands",
            "status": "ALLOW"
        }
    },
    {
        "model": "accounts.country",
        "pk": "ML",
        "fields": {
            "country_name": "Mali",
            "status": "ALLOW"
        }
    },
    {
        "model": "accounts.country",
        "pk": "MN",
        "fields": {
            "country_name": "Mongolia",
            "status": "ALLOW"
        }
    },
    {
        "model": "accounts.country",
        "pk": "MO",
        "fields": {
            "country_name": "Macao",
            "status": "ALLOW"
        }
    },
    {
        "model": "accounts.country",
        "pk": "MP",
        "fields": {
            "country_name": "Northern Mariana Islands",
            "status": "ALLOW"
        }
    },
    {
        "model": "accounts.country",
        "pk": "MQ",
        "fields": {
            "country_name": "Martinique",
            "status": "ALLOW"
        }
    },
    {
        "model": "accounts.country",
        "pk": "MR",
        "fields": {
            "country_name": "Mauritania",
            "status": "ALLOW"
        }
    },
    {
        "model": "accounts.country",
        "pk": "MS",
        "fields": {
            "country_name": "Montserrat",
            "status": "ALLOW"
        }
    },
    {
        "model": "accounts.country",
        "pk": "MT",
        "fields": {
            "country_name": "Malta",
            "status": "ALLOW"
        }
    },
    {
        "model": "accounts.country",
        "pk": "MU",
        "fields": {
            "country_name": "Mauritius",
            "status": "ALLOW"
        }
    },
    {
        "model": "accounts.country",
        "pk": "MV",
        "fields": {
            "country_name": "Maldives",
            "status": "ALLOW"
        }
    },
    {
        "model": "accounts.country",
        "pk": "MW",
        "fields": {
            "country_name": "Malawi",
            "status": "ALLOW"
        }
    },
    {
        "model": "accounts.country",
        "pk": "MX",
        "fields": {
            "country_name": "Mxico",
            "status": "ALLOW"
        }
    },
    {
        "model": "accounts.country",
        "pk": "MY",
        "fields": {
            "country_name": "Malaysia",
            "status": "ALLOW"
        }
    },
    {
        "model": "accounts.country",
        "pk": "MZ",
        "fields": {
            "country_name": "Mozambique",
            "status": "ALLOW"
        }
    },
    {
        "model": "accounts.country",
        "pk": "NA",
        "fields": {
            "country_name": "Namibia",
            "status": "ALLOW"
        }
    },
    {
        "model": "accounts.country",
        "pk": "NC",
        "fields": {
            "country_name": "New Caledonia",
            "status": "ALLOW"
        }
    },
    {
        "model": "accounts.country",
        "pk": "NE",
        "fields": {
            "country_name": "Niger",
            "status": "ALLOW"
        }
    },
    {
        "model": "accounts.country",
        "pk": "NF",
        "fields": {
            "country_name": "Norfolk Island",
            "status": "ALLOW"
        }
    },
    {
        "model": "accounts.country",
        "pk": "NG",
        "fields": {
            "country_name": "Nigeria",
            "status": "ALLOW"
        }
    },
    {
        "model": "accounts.country",
        "pk": "NI",
        "fields": {
            "country_name": "Nicaragua",
            "status": "ALLOW"
        }
    },
    {
        "model": "accounts.country",
        "pk": "NL",
        "fields": {
            "country_name": "Netherlands",
            "status": "ALLOW"
        }
    },
    {
        "model": "accounts.country",
        "pk": "NO",
        "fields": {
            "country_name": "Norway",
            "status": "ALLOW"
        }
    },
    {
        "model": "accounts.country",
        "pk": "NR",
        "fields": {
            "country_name": "Nauru",
            "status": "ALLOW"
        }
    },
    {
        "model": "accounts.country",
        "pk": "NU",
        "fields": {
            "country_name": "Niue",
            "status": "ALLOW"
        }
    },
    {
        "model": "accounts.country",
        "pk": "NZ",
        "fields": {
            "country_name": "New Zealand",
            "status": "ALLOW"
        }
    },
    {
        "model": "accounts.country",
        "pk": "OM",
        "fields": {
            "country_name": "Oman",
            "status": "ALLOW"
        }
    },
    {
        "model": "accounts.country",
        "pk": "PA",
        "fields": {
            "country_name": "Panama",
            "status": "ALLOW"
        }
    },
    {
        "model": "accounts.country",
        "pk": "PE",
        "fields": {
            "country_name": "Peru",
            "status": "ALLOW"
        }
    },
    {
        "model": "accounts.country",
        "pk": "PF",
        "fields": {
            "country_name": "French Polynesia",
            "status": "ALLOW"
        }
    },
    {
        "model": "accounts.country",
        "pk": "PG",
        "fields": {
            "country_name": "Papua New Guinea",
            "status": "ALLOW"
        }
    },
    {
        "model": "accounts.country",
        "pk": "PH",
        "fields": {
            "country_name": "Philippines",
            "status": "ALLOW"
        }
    },
    {
        "model": "accounts.country",
        "pk": "PK",
        "fields": {
            "country_name": "Pakistan",
            "status": "ALLOW"
        }
    },
    {
        "model": "accounts.country",
        "pk": "PL",
        "fields": {
            "country_name": "Poland",
            "status": "ALLOW"
        }
    },
    {
        "model": "accounts.country",
        "pk": "PM",
        "fields": {
            "country_name": "Saint Pierre and Miquelon",
            "status": "ALLOW"
        }
    },
    {
        "model": "accounts.country",
        "pk": "PN",
        "fields": {
            "country_name": "Pitcairn",
            "status": "ALLOW"
        }
    },
    {
        "model": "accounts.country",
        "pk": "PR",
        "fields": {
            "country_name": "Puerto Rico",
            "status": "ALLOW"
        }
    },
    {
        "model": "accounts.country",
        "pk": "PS",
        "fields": {
            "country_name": "Palestinian Territory, Occupied",
            "status": "ALLOW"
        }
    },
    {
        "model": "accounts.country",
        "pk": "PT",
        "fields": {
            "country_name": "Portugal",
            "status": "ALLOW"
        }
    },
    {
        "model": "accounts.country",
        "pk": "PW",
        "fields": {
            "country_name": "Palau",
            "status": "ALLOW"
        }
    },
    {
        "model": "accounts.country",
        "pk": "PY",
        "fields": {
            "country_name": "Paraguay",
            "status": "ALLOW"
        }
    },
    {
        "model": "accounts.country",
        "pk": "RE",
        "fields": {
            "country_name": "Reunion",
            "status": "ALLOW"
        }
    },
    {
        "model": "accounts.country",
        "pk": "RU",
        "fields": {
            "country_name": "Russian Federation",
            "status": "BLOCK"
        }
    },
    {
        "model": "accounts.country",
        "pk": "RW",
        "fields": {
            "country_name": "Rwanda",
            "status": "ALLOW"
        }
    },
    {
        "model": "accounts.country",
        "pk": "SA",
        "fields": {
            "country_name": "Saudi Arabia",
            "status": "ALLOW"
        }
    },
    {
        "model": "accounts.country",
        "pk": "SB",
        "fields": {
            "country_name": "Solomon Islands",
            "status": "ALLOW"
        }
    },
    {
        "model": "accounts.country",
        "pk": "SC",
        "fields": {
            "country_name": "Seychelles",
            "status": "ALLOW"
        }
    },
    {
        "model": "accounts.country",
        "pk": "SE",
        "fields": {
            "country_name": "Sweden",
            "status": "ALLOW"
        }
    },
    {
        "model": "accounts.country",
        "pk": "SG",
        "fields": {
            "country_name": "Singapore",
            "status": "ALLOW"
        }
    },
    {
        "model": "accounts.country",
        "pk": "SH",
        "fields": {
            "country_name": "Saint Helena",
            "status": "ALLOW"
        }
    },
    {
        "model": "accounts.country",
        "pk": "SJ",
        "fields": {
            "country_name": "Svalbard and Jan Mayen",
            "status": "ALLOW"
        }
    },
    {
        "model": "accounts.country",
        "pk": "SK",
        "fields": {
            "country_name": "Slovakia",
            "status": "ALLOW"
        }
    },
    {
        "model": "accounts.country",
        "pk": "SL",
        "fields": {
            "country_name": "Sierra Leone",
            "status": "ALLOW"
        }
    },
    {
        "model": "accounts.country",
        "pk": "SM",
        "fields": {
            "country_name": "San Marino",
            "status": "ALLOW"
        }
    },
    {
        "model": "accounts.country",
        "pk": "SN",
        "fields": {
            "country_name": "Senegal",
            "status": "ALLOW"
        }
    },
    {
        "model": "accounts.country",
        "pk": "SR",
        "fields": {
            "country_name": "Suriname",
            "status": "ALLOW"
        }
    },
    {
        "model": "accounts.country",
        "pk": "SS",
        "fields": {
            "country_name": "South Sudan",
            "status": "ALLOW"
        }
    },
    {
        "model": "accounts.country",
        "pk": "ST",
        "fields": {
            "country_name": "Sao Tome and Principe",
            "status": "ALLOW"
        }
    },
    {
        "model": "accounts.country",
        "pk": "SV",
        "fields": {
            "country_name": "El Salvador",
            "status": "ALLOW"
        }
    },
    {
        "model": "accounts.country",
        "pk": "SX",
        "fields": {
            "country_name": "Sint Maarten",
            "status": "ALLOW"
        }
    },
    {
        "model": "accounts.country",
        "pk": "SZ",
        "fields": {
            "country_name": "Swaziland",
            "status": "ALLOW"
        }
    },
    {
        "model": "accounts.country",
        "pk": "TC",
        "fields": {
            "country_name": "Turks and Caicos Islands",
            "status": "ALLOW"
        }
    },
    {
        "model": "accounts.country",
        "pk": "TD",
        "fields": {
            "country_name": "Chad",
            "status": "ALLOW"
        }
    },
    {
        "model": "accounts.country",
        "pk": "TF",
        "fields": {
            "country_name": "French Southern Territories",
            "status": "ALLOW"
        }
    },
    {
        "model": "accounts.country",
        "pk": "TG",
        "fields": {
            "country_name": "Togo",
            "status": "ALLOW"
        }
    },
    {
        "model": "accounts.country",
        "pk": "TH",
        "fields": {
            "country_name": "Thailand",
            "status": "ALLOW"
        }
    },
    {
        "model": "accounts.country",
        "pk": "TJ",
        "fields": {
            "country_name": "Tajikistan",
            "status": "ALLOW"
        }
    },
    {
        "model": "accounts.country",
        "pk": "TK",
        "fields": {
            "country_name": "Tokelau",
            "status": "ALLOW"
        }
    },
    {
        "model": "accounts.country",
        "pk": "TL",
        "fields": {
            "country_name": "Timor-Leste",
            "status": "ALLOW"
        }
    },
    {
        "model": "accounts.country",
        "pk": "TM",
        "fields": {
            "country_name": "Turkmenistan",
            "status": "ALLOW"
        }
    },
    {
        "model": "accounts.country",
        "pk": "TO",
        "fields": {
            "country_name": "Tonga",
            "status": "ALLOW"
        }
    },
    {
        "model": "accounts.country",
        "pk": "TR",
        "fields": {
            "country_name": "Turkey",
            "status": "ALLOW"
        }
    },
    {
        "model": "accounts.country",
        "pk": "TT",
        "fields": {
            "country_name": "Trinidad and Tobago",
            "status": "ALLOW"
        }
    },
    {
        "model": "accounts.country",
        "pk": "TV",
        "fields": {
            "country_name": "Tuvalu",
            "status": "ALLOW"
        }
    },
    {
        "model": "accounts.country",
        "pk": "TW",
        "fields": {
            "country_name": "Taiwan, Province of China",
            "status": "ALLOW"
        }
    },
    {
        "model": "accounts.country",
        "pk": "TZ",
        "fields": {
            "country_name": "Tanzania, United Republic of",
            "status": "ALLOW"
        }
    },
    {
        "model": "accounts.country",
        "pk": "UA",
        "fields": {
            "country_name": "Ukraine",
            "status": "BLOCK"
        }
    },
    {
        "model": "accounts.country",
        "pk": "UG",
        "fields": {
            "country_name": "Uganda",
            "status": "ALLOW"
        }
    },
    {
        "model": "accounts.country",
        "pk": "US",
        "fields": {
            "country_name": "United States",
            "status": "BLOCK"
        }
    },
    {
        "model": "accounts.country",
        "pk": "US2",
        "fields": {
            "country_name": "United States Minor Outlying Islands",
            "status": "BLOCK"
        }
    },
    {
        "model": "accounts.country",
        "pk": "US3",
        "fields": {
            "country_name": "Virgin Islands, U.S.",
            "status": "ALLOW"
        }
    },
    {
        "model": "accounts.country",
        "pk": "UY",
        "fields": {
            "country_name": "Uruguay",
            "status": "ALLOW"
        }
    },
    {
        "model": "accounts.country",
        "pk": "UZ",
        "fields": {
            "country_name": "Uzbekistan",
            "status": "ALLOW"
        }
    },
    {
        "model": "accounts.country",
        "pk": "VA",
        "fields": {
            "country_name": "Holy See (Vatican City State)",
            "status": "ALLOW"
        }
    },
    {
        "model": "accounts.country",
        "pk": "VC",
        "fields": {
            "country_name": "Saint Vincent and the Grenadines",
            "status": "ALLOW"
        }
    },
    {
        "model": "accounts.country",
        "pk": "VE",
        "fields": {
            "country_name": "Venezuela",
            "status": "BLOCK"
        }
    },
    {
        "model": "accounts.country",
        "pk": "VG",
        "fields": {
            "country_name": "Virgin Islands, British",
            "status": "ALLOW"
        }
    },
    {
        "model": "accounts.country",
        "pk": "VN",
        "fields": {
            "country_name": "Viet Nam",
            "status": "ALLOW"
        }
    },
    {
        "model": "accounts.country",
        "pk": "VU",
        "fields": {
            "country_name": "Vanuatu",
            "status": "ALLOW"
        }
    },
    {
        "model": "accounts.country",
        "pk": "WF",
        "fields": {
            "country_name": "Wallis and Futuna",
            "status": "ALLOW"
        }
    },
    {
        "model": "accounts.country",
        "pk": "WS",
        "fields": {
            "country_name": "Samoa",
            "status": "ALLOW"
        }
    },
    {
        "model": "accounts.country",
        "pk": "YE",
        "fields": {
            "country_name": "Yemen",
            "status": "ALLOW"
        }
    },
    {
        "model": "accounts.country",
        "pk": "YT",
        "fields": {
            "country_name": "Mayotte",
            "status": "ALLOW"
        }
    },
    {
        "model": "accounts.country",
        "pk": "ZA",
        "fields": {
            "country_name": "South Africa",
            "status": "ALLOW"
        }
    },
    {
        "model": "accounts.country",
        "pk": "ZM",
        "fields": {
            "country_name": "Zambia",
            "status": "ALLOW"
        }
    },
    {
        "model": "accounts.account",
        "pk": "09fe65d1-35bf-405f-979a-17e9e1f90182",
        "fields": {
            "type": "ACCOUNT",
            "email": 4,
            "first_name": "Alberto",
            "last_name": "Navarrete",
            "country_id": "MX",
            "security_pin": null
        }
    },
    {
        "model": "accounts.account",
        "pk": "276a2700-a9ff-45c4-810a-6cd077b6ff2c",
        "fields": {
            "type": "ACCOUNT",
            "email": 5,
            "first_name": "Alberto",
            "last_name": "Navarrete",
            "country_id": "MX",
            "security_pin": null
        }
    },
    {
        "model": "accounts.account",
        "pk": "5ff70e89-2460-432e-955a-e5996eee7707",
        "fields": {
            "type": "ACCOUNT",
            "email": 3,
            "first_name": "TEST",
            "last_name": "MAIL",
            "country_id": "MX",
            "security_pin": null
        }
    },
    {
        "model": "accounts.account",
        "pk": "633dc3ce-eb57-4c08-aaeb-3e640af46b6b",
        "fields": {
            "type": "ACCOUNT",
            "email": 1,
            "first_name": "Alberto",
            "last_name": "Navarrete",
            "country_id": "MX",
            "security_pin": null
        }
    },
    {
        "model": "accounts.account",
        "pk": "6753e051-5dbc-42ad-be87-d7adb3e6ab44",
        "fields": {
            "type": "ACCOUNT",
            "email": 2,
            "first_name": "Test",
            "last_name": "Mail",
            "country_id": "MX",
            "security_pin": null
        }
    },
    {
        "model": "accounts.account",
        "pk": "95e1d50b-5f9a-461c-b862-a9e1a2957595",
        "fields": {
            "type": "NO_ACCOUNT",
            "email": 10,
            "first_name": "Giselle",
            "last_name": "Ortiz",
            "country_id": "MX",
            "security_pin": null
        }
    },
    {
        "model": "accounts.account",
        "pk": "c35874e2-8626-4a4e-a6b8-355f18794f24",
        "fields": {
            "type": "NO_ACCOUNT",
            "email": 9,
            "first_name": "Alberto",
            "last_name": "Navarrete",
            "country_id": "CL",
            "security_pin": null
        }
    },
    {
        "model": "accounts.account",
        "pk": "d2a444f0-714e-4b7f-8071-61ba79b0709c",
        "fields": {
            "type": "NO_ACCOUNT",
            "email": 7,
            "first_name": "TEST",
            "last_name": "ACCOUNT",
            "country_id": "MX",
            "security_pin": null
        }
    },
    {
        "model": "accounts.account",
        "pk": "d8f6b623-915d-4c79-9484-2e293ce1b481",
        "fields": {
            "type": "NO_ACCOUNT",
            "email": 11,
            "first_name": "",
            "last_name": "",
            "country_id": "AD",
            "security_pin": null
        }
    },
    {
        "model": "accounts.account",
        "pk": "e30a8724-745b-409b-8de2-4e7587ee61c0",
        "fields": {
            "type": "NO_ACCOUNT",
            "email": 8,
            "first_name": "Jhon",
            "last_name": "Doe",
            "country_id": "MX",
            "security_pin": null
        }
    },
    {
        "model": "accounts.account",
        "pk": "f1a763d9-8bc2-4f22-b5d8-21dff602197e",
        "fields": {
            "type": "ACCOUNT",
            "email": 6,
            "first_name": "Alberto",
            "last_name": "Navarrete",
            "country_id": "MX",
            "security_pin": null
        }
    },
    {
        "model": "businesses.business",
        "pk": "1369c0fc-c174-4c3e-86b5-b0112cf78f78",
        "fields": {
            "user_id": "6753e051-5dbc-42ad-be87-d7adb3e6ab44",
            "name": "Momo Business",
            "description": "Momo Business"
        }
    },
    {
        "model": "businesses.business",
        "pk": "384d44ed-ad65-47ff-9e5b-357a234543d9",
        "fields": {
            "user_id": "d2a444f0-714e-4b7f-8071-61ba79b0709c",
            "name": "TEST BUSINESS",
            "description": "THIS IS A TEST BUSINESS"
        }
    },
    {
        "model": "businesses.business",
        "pk": "3b00d63b-ab49-4bf4-a403-8bf20b266e9a",
        "fields": {
            "user_id": "276a2700-a9ff-45c4-810a-6cd077b6ff2c",
            "name": "ANVRRT_Consultancy",
            "description": "Tech Consultancy"
        }
    },
    {
        "model": "businesses.business",
        "pk": "4816667f-78c5-4bcc-b175-a54f4fe848d7",
        "fields": {
            "user_id": "5ff70e89-2460-432e-955a-e5996eee7707",
            "name": "Test Business",
            "description": "Test Business"
        }
    },
    {
        "model": "businesses.business",
        "pk": "59327293-6376-4a3f-b5de-7def111269e0",
        "fields": {
            "user_id": "d8f6b623-915d-4c79-9484-2e293ce1b481",
            "name": "",
            "description": ""
        }
    },
    {
        "model": "businesses.business",
        "pk": "717eb013-0c90-4648-aa9f-96ea54eb5e0b",
        "fields": {
            "user_id": "e30a8724-745b-409b-8de2-4e7587ee61c0",
            "name": "AMAZON",
            "description": "AMZN"
        }
    },
    {
        "model": "businesses.business",
        "pk": "a08461d8-4eb1-4a22-8d7a-adbf01e361ac",
        "fields": {
            "user_id": "09fe65d1-35bf-405f-979a-17e9e1f90182",
            "name": "ANVRRT_Consultancy",
            "description": "Tech Consultancy"
        }
    },
    {
        "model": "businesses.business",
        "pk": "a30aeecd-33f0-4e56-a2c1-fb70b07f5a69",
        "fields": {
            "user_id": "f1a763d9-8bc2-4f22-b5d8-21dff602197e",
            "name": "ANVRRT_Consultancy",
            "description": "Tech Consultancy"
        }
    },
    {
        "model": "businesses.business",
        "pk": "fbcff51a-7689-4f64-958b-8ba7fc6d73f1",
        "fields": {
            "user_id": "95e1d50b-5f9a-461c-b862-a9e1a2957595",
            "name": "Giss testing",
            "description": "Testing"
        }
    },
    {
        "model": "businesses.business",
        "pk": "fce3e4cc-9cf1-4125-b5d0-7357294682f3",
        "fields": {
            "user_id": "633dc3ce-eb57-4c08-aaeb-3e640af46b6b",
            "name": "ANVRRT_Consultancy",
            "description": "Tech Consultancy"
        }
    },
    {
        "model": "businesses.business",
        "pk": "fe5f888e-b7d4-4d24-9c54-1142bf36942c",
        "fields": {
            "user_id": "c35874e2-8626-4a4e-a6b8-355f18794f24",
            "name": "Test Chile Business",
            "description": "Test Account Chile"
        }
    },
    {
        "model": "api_keys.apikey",
        "pk": "psk_2c1299256384debe03ccd1cfa130f8c1",
        "fields": {
            "user_id": "d2a444f0-714e-4b7f-8071-61ba79b0709c",
            "business_id": "384d44ed-ad65-47ff-9e5b-357a234543d9",
            "type": "PRODUCTION",
            "status": "INACTIVE"
        }
    },
    {
        "model": "api_keys.apikey",
        "pk": "psk_3295683fac7085e87010199dfc0bd3eb",
        "fields": {
            "user_id": "95e1d50b-5f9a-461c-b862-a9e1a2957595",
            "business_id": "fbcff51a-7689-4f64-958b-8ba7fc6d73f1",
            "type": "PRODUCTION",
            "status": "ACTIVE"
        }
    },
    {
        "model": "api_keys.apikey",
        "pk": "psk_55420f33ec66ef211f385d16bc019949",
        "fields": {
            "user_id": "c35874e2-8626-4a4e-a6b8-355f18794f24",
            "business_id": "fe5f888e-b7d4-4d24-9c54-1142bf36942c",
            "type": "PRODUCTION",
            "status": "ACTIVE"
        }
    },
    {
        "model": "api_keys.apikey",
        "pk": "psk_7d6b29cf0ac76a2e9a5426cf4c7a2ff9",
        "fields": {
            "user_id": "d8f6b623-915d-4c79-9484-2e293ce1b481",
            "business_id": "59327293-6376-4a3f-b5de-7def111269e0",
            "type": "PRODUCTION",
            "status": "ACTIVE"
        }
    },
    {
        "model": "api_keys.apikey",
        "pk": "psk_7e467d6d9168d40be1fd4aab09fb27e7",
        "fields": {
            "user_id": "633dc3ce-eb57-4c08-aaeb-3e640af46b6b",
            "business_id": null,
            "type": "PRODUCTION",
            "status": "INACTIVE"
        }
    },
    {
        "model": "api_keys.apikey",
        "pk": "psk_9b5e39478911a8f67f4a2367290fe143",
        "fields": {
            "user_id": "e30a8724-745b-409b-8de2-4e7587ee61c0",
            "business_id": "717eb013-0c90-4648-aa9f-96ea54eb5e0b",
            "type": "PRODUCTION",
            "status": "ACTIVE"
        }
    },
    {
        "model": "api_keys.apikey",
        "pk": "tsk_06a977a67edb74197cb89ebe14a24199",
        "fields": {
            "user_id": "5ff70e89-2460-432e-955a-e5996eee7707",
            "business_id": "4816667f-78c5-4bcc-b175-a54f4fe848d7",
            "type": "TEST",
            "status": "ACTIVE"
        }
    },
    {
        "model": "api_keys.apikey",
        "pk": "tsk_13aa33b9efdbc18b40c206762a761f13",
        "fields": {
            "user_id": "09fe65d1-35bf-405f-979a-17e9e1f90182",
            "business_id": "a08461d8-4eb1-4a22-8d7a-adbf01e361ac",
            "type": "TEST",
            "status": "INACTIVE"
        }
    },
    {
        "model": "api_keys.apikey",
        "pk": "tsk_14d5458ca4ec0f92efd760fc2e6e1a77",
        "fields": {
            "user_id": "d2a444f0-714e-4b7f-8071-61ba79b0709c",
            "business_id": "384d44ed-ad65-47ff-9e5b-357a234543d9",
            "type": "TEST",
            "status": "ACTIVE"
        }
    },
    {
        "model": "api_keys.apikey",
        "pk": "tsk_57abd7c84c7bb39e8e5fcf792462b9a9",
        "fields": {
            "user_id": "6753e051-5dbc-42ad-be87-d7adb3e6ab44",
            "business_id": "1369c0fc-c174-4c3e-86b5-b0112cf78f78",
            "type": "TEST",
            "status": "ACTIVE"
        }
    },
    {
        "model": "api_keys.apikey",
        "pk": "tsk_658103a93452335923006e26795de646",
        "fields": {
            "user_id": "f1a763d9-8bc2-4f22-b5d8-21dff602197e",
            "business_id": "a30aeecd-33f0-4e56-a2c1-fb70b07f5a69",
            "type": "TEST",
            "status": "INACTIVE"
        }
    },
    {
        "model": "api_keys.apikey",
        "pk": "tsk_8d86f74f197d1869e406014039bd2ff8",
        "fields": {
            "user_id": "276a2700-a9ff-45c4-810a-6cd077b6ff2c",
            "business_id": "3b00d63b-ab49-4bf4-a403-8bf20b266e9a",
            "type": "TEST",
            "status": "INACTIVE"
        }
    },
    {
        "model": "api_keys.apikey",
        "pk": "tsk_b67044466d5bb5dbc6c05f794a3f4ad2",
        "fields": {
            "user_id": "633dc3ce-eb57-4c08-aaeb-3e640af46b6b",
            "business_id": "fce3e4cc-9cf1-4125-b5d0-7357294682f3",
            "type": "TEST",
            "status": "ACTIVE"
        }
    },
    {
        "model": "assets.asset",
        "pk": 1,
        "fields": {
            "api_key": "tsk_b67044466d5bb5dbc6c05f794a3f4ad2",
            "type": "COIN",
            "cryptocurrency_id": "97f8f738-140a-4bf8-9008-cf5db0047a44",
            "amount": "0.20000000"
        }
    },
    {
        "model": "assets.asset",
        "pk": 2,
        "fields": {
            "api_key": "tsk_b67044466d5bb5dbc6c05f794a3f4ad2",
            "type": "COIN",
            "cryptocurrency_id": "8ee0b2c4-5b13-4de0-a97c-60e4cb8b25c3",
            "amount": "0.00068000"
        }
    },
    {
        "model": "assets.asset",
        "pk": 3,
        "fields": {
            "api_key": "tsk_b67044466d5bb5dbc6c05f794a3f4ad2",
            "type": "COIN",
            "cryptocurrency_id": "7ed7e113-fb3e-441a-914b-38b86e60a7f6",
            "amount": "0E-8"
        }
    },
    {
        "model": "assets.asset",
        "pk": 4,
        "fields": {
            "api_key": "tsk_b67044466d5bb5dbc6c05f794a3f4ad2",
            "type": "COIN",
            "cryptocurrency_id": "1010c6ef-49ac-4b05-90bf-88ddf02e408c",
            "amount": "0E-8"
        }
    },
    {
        "model": "cryptocurrency.network",
        "pk": "goerli",
        "fields": {
            "name": "Goerli Network"
        }
    },
    {
        "model": "cryptocurrency.network",
        "pk": "mainnet",
        "fields": {
            "name": "Main Network"
        }
    },
    {
        "model": "cryptocurrency.network",
        "pk": "mordor",
        "fields": {
            "name": "Mordor Network"
        }
    },
    {
        "model": "cryptocurrency.network",
        "pk": "ropsten",
        "fields": {
            "name": "Ropsten Network"
        }
    },
    {
        "model": "cryptocurrency.network",
        "pk": "testnet",
        "fields": {
            "name": "Test Network"
        }
    },
    {
        "model": "cryptocurrency.blockchain",
        "pk": "bitcoin",
        "fields": {
            "name": "Bitcoin"
        }
    },
    {
        "model": "cryptocurrency.blockchain",
        "pk": "bitcoin-cash",
        "fields": {
            "name": "Bitcoin Cash"
        }
    },
    {
        "model": "cryptocurrency.blockchain",
        "pk": "dash",
        "fields": {
            "name": "Dash"
        }
    },
    {
        "model": "cryptocurrency.blockchain",
        "pk": "dogecoin",
        "fields": {
            "name": "Dogecoin"
        }
    },
    {
        "model": "cryptocurrency.blockchain",
        "pk": "ethereum",
        "fields": {
            "name": "Ethereum"
        }
    },
    {
        "model": "cryptocurrency.blockchain",
        "pk": "ethereum-classic",
        "fields": {
            "name": "Ethereum Classic"
        }
    },
    {
        "model": "cryptocurrency.blockchain",
        "pk": "litecoin",
        "fields": {
            "name": "Litecoin"
        }
    },
    {
        "model": "cryptocurrency.blockchain",
        "pk": "tron",
        "fields": {
            "name": "Tron"
        }
    },
    {
        "model": "cryptocurrency.blockchain",
        "pk": "xrp",
        "fields": {
            "name": "XRP"
        }
    },
    {
        "model": "cryptocurrency.blockchain",
        "pk": "zcash",
        "fields": {
            "name": "Zcash"
        }
    },
    {
        "model": "cryptocurrency.cryptocurrency",
        "pk": "1010c6ef-49ac-4b05-90bf-88ddf02e408c",
        "fields": {
            "blockchain_id": "dogecoin",
            "network_id": "testnet",
            "type": "COIN",
            "name": "Dogecoin",
            "cryptoapis_type": "WALLET",
            "coingecko_name": "dogecoin",
            "symbol": "DOGE",
            "exchange_rate": "0.12991400"
        }
    },
    {
        "model": "cryptocurrency.cryptocurrency",
        "pk": "189495e5-4ec2-4276-92a5-2137864bc9c7",
        "fields": {
            "blockchain_id": "dogecoin",
            "network_id": "mainnet",
            "type": "COIN",
            "name": "Dogecoin",
            "cryptoapis_type": "WALLET",
            "coingecko_name": "dogecoin",
            "symbol": "DOGE",
            "exchange_rate": "0.12991400"
        }
    },
    {
        "model": "cryptocurrency.cryptocurrency",
        "pk": "33d3be23-a643-4782-98ff-689b0c5de604",
        "fields": {
            "blockchain_id": "litecoin",
            "network_id": "mainnet",
            "type": "COIN",
            "name": "Litecoin",
            "cryptoapis_type": "WALLET",
            "coingecko_name": "litecoin",
            "symbol": "LTC",
            "exchange_rate": "56.57000000"
        }
    },
    {
        "model": "cryptocurrency.cryptocurrency",
        "pk": "37ef8796-8fef-4402-9a06-3258913c5d88",
        "fields": {
            "blockchain_id": "tron",
            "network_id": "mainnet",
            "type": "COIN",
            "name": "Tron",
            "cryptoapis_type": "ADDRESS",
            "coingecko_name": "tron",
            "symbol": "TRX",
            "exchange_rate": "0.06412100"
        }
    },
    {
        "model": "cryptocurrency.cryptocurrency",
        "pk": "3cb983b4-c459-4984-bb88-fd125463b4a8",
        "fields": {
            "blockchain_id": "dash",
            "network_id": "mainnet",
            "type": "COIN",
            "name": "Dash",
            "cryptoapis_type": "WALLET",
            "coingecko_name": "dash",
            "symbol": "DASH",
            "exchange_rate": "43.31000000"
        }
    },
    {
        "model": "cryptocurrency.cryptocurrency",
        "pk": "594529f8-70fa-4d42-9726-e8b267a87adf",
        "fields": {
            "blockchain_id": "zcash",
            "network_id": "mainnet",
            "type": "COIN",
            "name": "Zcash",
            "cryptoapis_type": "WALLET",
            "coingecko_name": "zcash",
            "symbol": "ZEC",
            "exchange_rate": "54.67000000"
        }
    },
    {
        "model": "cryptocurrency.cryptocurrency",
        "pk": "6089e31b-79ee-4a7d-9734-fb5d0364371c",
        "fields": {
            "blockchain_id": "ethereum",
            "network_id": "mainnet",
            "type": "COIN",
            "name": "Ethereum",
            "cryptoapis_type": "ADDRESS",
            "coingecko_name": "ethereum",
            "symbol": "ETH",
            "exchange_rate": "1624.22000000"
        }
    },
    {
        "model": "cryptocurrency.cryptocurrency",
        "pk": "74d33bf7-0cc9-48e4-a2f0-1e1e11517c27",
        "fields": {
            "blockchain_id": "dash",
            "network_id": "testnet",
            "type": "COIN",
            "name": "Dash",
            "cryptoapis_type": "WALLET",
            "coingecko_name": "dash",
            "symbol": "DASH",
            "exchange_rate": "43.31000000"
        }
    },
    {
        "model": "cryptocurrency.cryptocurrency",
        "pk": "7ed7e113-fb3e-441a-914b-38b86e60a7f6",
        "fields": {
            "blockchain_id": "litecoin",
            "network_id": "testnet",
            "type": "COIN",
            "name": "Litecoin",
            "cryptoapis_type": "WALLET",
            "coingecko_name": "litecoin",
            "symbol": "LTC",
            "exchange_rate": "56.57000000"
        }
    },
    {
        "model": "cryptocurrency.cryptocurrency",
        "pk": "83058d57-1a7a-45ce-a42f-a0e9e935206d",
        "fields": {
            "blockchain_id": "bitcoin-cash",
            "network_id": "mainnet",
            "type": "COIN",
            "name": "Bitcoin Cash",
            "cryptoapis_type": "WALLET",
            "coingecko_name": "bitcoin-cash",
            "symbol": "BCH",
            "exchange_rate": "118.57000000"
        }
    },
    {
        "model": "cryptocurrency.cryptocurrency",
        "pk": "8ee0b2c4-5b13-4de0-a97c-60e4cb8b25c3",
        "fields": {
            "blockchain_id": "bitcoin",
            "network_id": "testnet",
            "type": "COIN",
            "name": "Bitcoin",
            "cryptoapis_type": "WALLET",
            "coingecko_name": "bitcoin",
            "symbol": "BTC",
            "exchange_rate": "20837.00000000"
        }
    },
    {
        "model": "cryptocurrency.cryptocurrency",
        "pk": "97f8f738-140a-4bf8-9008-cf5db0047a44",
        "fields": {
            "blockchain_id": "ethereum",
            "network_id": "goerli",
            "type": "COIN",
            "name": "Ethereum",
            "cryptoapis_type": "ADDRESS",
            "coingecko_name": "ethereum",
            "symbol": "ETH",
            "exchange_rate": "1624.22000000"
        }
    },
    {
        "model": "cryptocurrency.cryptocurrency",
        "pk": "9e1e9220-86af-429b-ae0d-f62ba044706b",
        "fields": {
            "blockchain_id": "zcash",
            "network_id": "testnet",
            "type": "COIN",
            "name": "Zcash",
            "cryptoapis_type": "WALLET",
            "coingecko_name": "zcash",
            "symbol": "ZEC",
            "exchange_rate": "54.67000000"
        }
    },
    {
        "model": "cryptocurrency.cryptocurrency",
        "pk": "a3587b95-f849-463d-b581-fb11684b5384",
        "fields": {
            "blockchain_id": "ethereum-classic",
            "network_id": "mordor",
            "type": "COIN",
            "name": "Ethereum Classic",
            "cryptoapis_type": "ADDRESS",
            "coingecko_name": "ethereum-classic",
            "symbol": "ETC",
            "exchange_rate": "25.90000000"
        }
    },
    {
        "model": "cryptocurrency.cryptocurrency",
        "pk": "a4fda158-df85-45c0-89a8-293f9590ccdc",
        "fields": {
            "blockchain_id": "ethereum-classic",
            "network_id": "mainnet",
            "type": "COIN",
            "name": "Ethereum Classic",
            "cryptoapis_type": "ADDRESS",
            "coingecko_name": "ethereum-classic",
            "symbol": "ETC",
            "exchange_rate": "25.90000000"
        }
    },
    {
        "model": "cryptocurrency.cryptocurrency",
        "pk": "ad5a0570-7fd1-43d3-837b-85470b3213fa",
        "fields": {
            "blockchain_id": "xrp",
            "network_id": "mainnet",
            "type": "COIN",
            "name": "XRP",
            "cryptoapis_type": "WALLET",
            "coingecko_name": "ripple",
            "symbol": "XRP",
            "exchange_rate": "0.47253700"
        }
    },
    {
        "model": "cryptocurrency.cryptocurrency",
        "pk": "db74f6ad-aeef-4fec-b3ec-e70e2fc55d0e",
        "fields": {
            "blockchain_id": "bitcoin",
            "network_id": "mainnet",
            "type": "COIN",
            "name": "Bitcoin",
            "cryptoapis_type": "WALLET",
            "coingecko_name": "bitcoin",
            "symbol": "BTC",
            "exchange_rate": "20837.00000000"
        }
    },
    {
        "model": "cryptocurrency.cryptocurrency",
        "pk": "e4c922cf-3049-4532-8193-d256afd92df4",
        "fields": {
            "blockchain_id": "xrp",
            "network_id": "testnet",
            "type": "COIN",
            "name": "XRP",
            "cryptoapis_type": "WALLET",
            "coingecko_name": "ripple",
            "symbol": "XRP",
            "exchange_rate": "0.47253700"
        }
    },
    {
        "model": "cryptocurrency.cryptocurrency",
        "pk": "ec730f9c-c29d-40ec-b3ea-4d99391abea2",
        "fields": {
            "blockchain_id": "bitcoin-cash",
            "network_id": "testnet",
            "type": "COIN",
            "name": "Bitcoin Cash",
            "cryptoapis_type": "WALLET",
            "coingecko_name": "bitcoin-cash",
            "symbol": "BCH",
            "exchange_rate": "118.57000000"
        }
    },
    {
        "model": "cryptocurrency.cryptocurrency",
        "pk": "fe0253a7-9b13-4407-8cd7-d33c290ab204",
        "fields": {
            "blockchain_id": "tron",
            "network_id": "testnet",
            "type": "COIN",
            "name": "Tron",
            "cryptoapis_type": "ADDRESS",
            "coingecko_name": "tron",
            "symbol": "TRX",
            "exchange_rate": "0.06412100"
        }
    },
    {
        "model": "cryptocurrency.addresssubscription",
        "pk": "1d287891-0f79-4627-b6fd-48768a08b72b",
        "fields": {
            "event": "ADDRESS_COINS_TRANSACTION_CONFIRMED",
            "blockchain_id": "litecoin",
            "network_id": "testnet",
            "creation_datetime": "2022-10-23T20:40:16.874Z",
            "callback_url": "https://cryptoapis.cryptosharepay.com/v1/webhooks/cryptoapis/subscriptions/ConfirmedCoinTransactions/"
        }
    },
    {
        "model": "cryptocurrency.addresssubscription",
        "pk": "20e3d21b-ac64-435f-9116-64f81a3aafe4",
        "fields": {
            "event": "ADDRESS_COINS_TRANSACTION_CONFIRMED",
            "blockchain_id": "litecoin",
            "network_id": "testnet",
            "creation_datetime": "2022-10-13T21:10:08.895Z",
            "callback_url": "https://c13ll85et1.execute-api.us-east-1.amazonaws.com/webhooks/cryptoapis/subscriptions/ConfirmedCoinTransactions/"
        }
    },
    {
        "model": "cryptocurrency.addresssubscription",
        "pk": "23b9aeb5-9f08-46a1-b110-0ed741bf47d0",
        "fields": {
            "event": "ADDRESS_COINS_TRANSACTION_CONFIRMED",
            "blockchain_id": "dogecoin",
            "network_id": "testnet",
            "creation_datetime": "2022-09-29T03:44:07.456Z",
            "callback_url": "https://www.cryptoshareapp.com/atm/TestReceiver/"
        }
    },
    {
        "model": "cryptocurrency.addresssubscription",
        "pk": "5b11b73c-ff8e-4782-9ea3-020ad2076515",
        "fields": {
            "event": "ADDRESS_COINS_TRANSACTION_CONFIRMED",
            "blockchain_id": "litecoin",
            "network_id": "testnet",
            "creation_datetime": "2022-10-13T21:28:47.226Z",
            "callback_url": "https://c13ll85et1.execute-api.us-east-1.amazonaws.com/webhooks/cryptoapis/subscriptions/ConfirmedCoinTransactions/"
        }
    },
    {
        "model": "cryptocurrency.addresssubscription",
        "pk": "6c35d38c-c64e-4641-a765-27ee360e4065",
        "fields": {
            "event": "ADDRESS_COINS_TRANSACTION_CONFIRMED",
            "blockchain_id": "dogecoin",
            "network_id": "testnet",
            "creation_datetime": "2022-10-23T06:02:47.073Z",
            "callback_url": "https://cryptoapis.cryptosharepay.com/v1/webhooks/cryptoapis/subscriptions/ConfirmedCoinTransactions/"
        }
    },
    {
        "model": "cryptocurrency.addresssubscription",
        "pk": "7c8d26ce-ea37-40aa-a374-16239ed7cffb",
        "fields": {
            "event": "ADDRESS_COINS_TRANSACTION_CONFIRMED",
            "blockchain_id": "ethereum",
            "network_id": "goerli",
            "creation_datetime": "2022-10-16T03:12:48.915Z",
            "callback_url": "https://cryptoapis.cryptosharepay.com/v1/webhooks/cryptoapis/subscriptions/ConfirmedCoinTransactions/"
        }
    },
    {
        "model": "cryptocurrency.addresssubscription",
        "pk": "887381f4-f38d-4476-a697-152c8da0792e",
        "fields": {
            "event": "ADDRESS_COINS_TRANSACTION_CONFIRMED",
            "blockchain_id": "dash",
            "network_id": "testnet",
            "creation_datetime": "2022-09-29T03:42:39.547Z",
            "callback_url": "https://www.cryptoshareapp.com/atm/TestReceiver/"
        }
    },
    {
        "model": "cryptocurrency.addresssubscription",
        "pk": "ae1d2d46-8e77-4719-8876-e80555b0d45b",
        "fields": {
            "event": "ADDRESS_COINS_TRANSACTION_CONFIRMED",
            "blockchain_id": "litecoin",
            "network_id": "testnet",
            "creation_datetime": "2022-10-13T21:03:55.881Z",
            "callback_url": "https://c13ll85et1.execute-api.us-east-1.amazonaws.com/webhooks/cryptoapis/subscriptions/ConfirmedCoinTransactions/"
        }
    },
    {
        "model": "cryptocurrency.addresssubscription",
        "pk": "b0c9b63b-36a0-45f5-9e9c-6a59ed52c7e4",
        "fields": {
            "event": "ADDRESS_COINS_TRANSACTION_CONFIRMED",
            "blockchain_id": "litecoin",
            "network_id": "testnet",
            "creation_datetime": "2022-09-29T03:38:32.908Z",
            "callback_url": "https://www.cryptoshareapp.com/atm/TestReceiver/"
        }
    },
    {
        "model": "cryptocurrency.addresssubscription",
        "pk": "cf1801c7-7376-4c59-aa03-c6a85afb663e",
        "fields": {
            "event": "ADDRESS_COINS_TRANSACTION_CONFIRMED",
            "blockchain_id": "ethereum",
            "network_id": "goerli",
            "creation_datetime": "2022-10-16T03:22:03.159Z",
            "callback_url": "https://cryptoapis.cryptosharepay.com/v1/webhooks/cryptoapis/subscriptions/ConfirmedCoinTransactions/"
        }
    },
    {
        "model": "cryptocurrency.addresssubscription",
        "pk": "fa90d19d-1cfb-415b-9ebb-c82c90912d44",
        "fields": {
            "event": "ADDRESS_COINS_TRANSACTION_CONFIRMED",
            "blockchain_id": "dogecoin",
            "network_id": "testnet",
            "creation_datetime": "2022-10-23T19:12:50.700Z",
            "callback_url": "https://cryptoapis.cryptosharepay.com/v1/webhooks/cryptoapis/subscriptions/ConfirmedCoinTransactions/"
        }
    },
    {
        "model": "cryptocurrency.address",
        "pk": "cryptosharepay|TEST|bitcoin-cash|testnet|0",
        "fields": {
            "address": "bchtest:qpcdvq7zqrr0q7tc2edn6v3hvfuwj0m9nvgeneurun",
            "api_key": null,
            "cryptocurrency_id": "ec730f9c-c29d-40ec-b3ea-4d99391abea2",
            "subscription_id": null,
            "status": "AVAILABLE"
        }
    },
    {
        "model": "cryptocurrency.address",
        "pk": "cryptosharepay|TEST|bitcoin|testnet|0",
        "fields": {
            "address": "tb1qhymwtf0xtk6gm86f0ymg6258q23cnxt648mcwq",
            "api_key": "tsk_b67044466d5bb5dbc6c05f794a3f4ad2",
            "cryptocurrency_id": "8ee0b2c4-5b13-4de0-a97c-60e4cb8b25c3",
            "subscription_id": null,
            "status": "IN_USE"
        }
    },
    {
        "model": "cryptocurrency.address",
        "pk": "cryptosharepay|TEST|bitcoin|testnet|1",
        "fields": {
            "address": "tb1qc5gxtk80azwjq8n5kdtgrfjvwe63gkqjdy9sxm",
            "api_key": null,
            "cryptocurrency_id": "8ee0b2c4-5b13-4de0-a97c-60e4cb8b25c3",
            "subscription_id": null,
            "status": "AVAILABLE"
        }
    },
    {
        "model": "cryptocurrency.address",
        "pk": "cryptosharepay|TEST|bitcoin|testnet|10",
        "fields": {
            "address": "tb1q20yqk5r2h80rc0k208mrumrj2tc7lmfx45juyz",
            "api_key": null,
            "cryptocurrency_id": "8ee0b2c4-5b13-4de0-a97c-60e4cb8b25c3",
            "subscription_id": null,
            "status": "AVAILABLE"
        }
    },
    {
        "model": "cryptocurrency.address",
        "pk": "cryptosharepay|TEST|bitcoin|testnet|11",
        "fields": {
            "address": "tb1q7txkyn84mx2chejqwvv75qqurk0cytyfcrug73",
            "api_key": null,
            "cryptocurrency_id": "8ee0b2c4-5b13-4de0-a97c-60e4cb8b25c3",
            "subscription_id": null,
            "status": "AVAILABLE"
        }
    },
    {
        "model": "cryptocurrency.address",
        "pk": "cryptosharepay|TEST|bitcoin|testnet|12",
        "fields": {
            "address": "tb1qf428krnrw2ewfgf3q78943zz6rqhx6skrftg6x",
            "api_key": null,
            "cryptocurrency_id": "8ee0b2c4-5b13-4de0-a97c-60e4cb8b25c3",
            "subscription_id": null,
            "status": "AVAILABLE"
        }
    },
    {
        "model": "cryptocurrency.address",
        "pk": "cryptosharepay|TEST|bitcoin|testnet|13",
        "fields": {
            "address": "tb1qku08wdelj33g4jjr9tmfq0eamxwhjcg2psatt0",
            "api_key": null,
            "cryptocurrency_id": "8ee0b2c4-5b13-4de0-a97c-60e4cb8b25c3",
            "subscription_id": null,
            "status": "AVAILABLE"
        }
    },
    {
        "model": "cryptocurrency.address",
        "pk": "cryptosharepay|TEST|bitcoin|testnet|14",
        "fields": {
            "address": "tb1qny7jendaqdwfn42jdy0c3yr9fkj66pnw2f7j78",
            "api_key": null,
            "cryptocurrency_id": "8ee0b2c4-5b13-4de0-a97c-60e4cb8b25c3",
            "subscription_id": null,
            "status": "AVAILABLE"
        }
    },
    {
        "model": "cryptocurrency.address",
        "pk": "cryptosharepay|TEST|bitcoin|testnet|15",
        "fields": {
            "address": "tb1qxr36alyct4vz4lll3eedxtwc4rhauprac7khjy",
            "api_key": null,
            "cryptocurrency_id": "8ee0b2c4-5b13-4de0-a97c-60e4cb8b25c3",
            "subscription_id": null,
            "status": "AVAILABLE"
        }
    },
    {
        "model": "cryptocurrency.address",
        "pk": "cryptosharepay|TEST|bitcoin|testnet|16",
        "fields": {
            "address": "tb1qf25yp93nrvk5ssk693ctrt7s7ruem9l4h6raam",
            "api_key": null,
            "cryptocurrency_id": "8ee0b2c4-5b13-4de0-a97c-60e4cb8b25c3",
            "subscription_id": null,
            "status": "AVAILABLE"
        }
    },
    {
        "model": "cryptocurrency.address",
        "pk": "cryptosharepay|TEST|bitcoin|testnet|17",
        "fields": {
            "address": "tb1qkajk5njndjmfpue99d0mzhal9upcemajn4r4gp",
            "api_key": null,
            "cryptocurrency_id": "8ee0b2c4-5b13-4de0-a97c-60e4cb8b25c3",
            "subscription_id": null,
            "status": "AVAILABLE"
        }
    },
    {
        "model": "cryptocurrency.address",
        "pk": "cryptosharepay|TEST|bitcoin|testnet|18",
        "fields": {
            "address": "tb1ql4mc6r0vawkhea3c6pnzweg8qu2u6wgx576q7c",
            "api_key": null,
            "cryptocurrency_id": "8ee0b2c4-5b13-4de0-a97c-60e4cb8b25c3",
            "subscription_id": null,
            "status": "AVAILABLE"
        }
    },
    {
        "model": "cryptocurrency.address",
        "pk": "cryptosharepay|TEST|bitcoin|testnet|19",
        "fields": {
            "address": "tb1qtq3t9g3dd039252y9qhxlapdhgj92ws3q8d6rr",
            "api_key": null,
            "cryptocurrency_id": "8ee0b2c4-5b13-4de0-a97c-60e4cb8b25c3",
            "subscription_id": null,
            "status": "AVAILABLE"
        }
    },
    {
        "model": "cryptocurrency.address",
        "pk": "cryptosharepay|TEST|bitcoin|testnet|2",
        "fields": {
            "address": "tb1qu7a9dvhvwj8g8mwh9lpe2yhfg6rytr9ff07sc3",
            "api_key": null,
            "cryptocurrency_id": "8ee0b2c4-5b13-4de0-a97c-60e4cb8b25c3",
            "subscription_id": null,
            "status": "AVAILABLE"
        }
    },
    {
        "model": "cryptocurrency.address",
        "pk": "cryptosharepay|TEST|bitcoin|testnet|20",
        "fields": {
            "address": "tb1qrzaqrzfqsvld4fjzq9v7zfm2dtq3mrs4689zq8",
            "api_key": null,
            "cryptocurrency_id": "8ee0b2c4-5b13-4de0-a97c-60e4cb8b25c3",
            "subscription_id": null,
            "status": "AVAILABLE"
        }
    },
    {
        "model": "cryptocurrency.address",
        "pk": "cryptosharepay|TEST|bitcoin|testnet|21",
        "fields": {
            "address": "tb1qzyykw6gsd420kmh5lhh4262rztupdxek6pkyvp",
            "api_key": null,
            "cryptocurrency_id": "8ee0b2c4-5b13-4de0-a97c-60e4cb8b25c3",
            "subscription_id": null,
            "status": "AVAILABLE"
        }
    },
    {
        "model": "cryptocurrency.address",
        "pk": "cryptosharepay|TEST|bitcoin|testnet|22",
        "fields": {
            "address": "tb1qlpuktu4dvl86psljtljmc3hkxnlwewup2fq58a",
            "api_key": null,
            "cryptocurrency_id": "8ee0b2c4-5b13-4de0-a97c-60e4cb8b25c3",
            "subscription_id": null,
            "status": "AVAILABLE"
        }
    },
    {
        "model": "cryptocurrency.address",
        "pk": "cryptosharepay|TEST|bitcoin|testnet|23",
        "fields": {
            "address": "tb1q2fuuzfyp0akcr43qy3gkydwcu2ccnd4dgsvxzz",
            "api_key": null,
            "cryptocurrency_id": "8ee0b2c4-5b13-4de0-a97c-60e4cb8b25c3",
            "subscription_id": null,
            "status": "AVAILABLE"
        }
    },
    {
        "model": "cryptocurrency.address",
        "pk": "cryptosharepay|TEST|bitcoin|testnet|24",
        "fields": {
            "address": "tb1q0422hmslyrgc8edh3tl6uzzlz5jtpl73e50rwv",
            "api_key": null,
            "cryptocurrency_id": "8ee0b2c4-5b13-4de0-a97c-60e4cb8b25c3",
            "subscription_id": null,
            "status": "AVAILABLE"
        }
    },
    {
        "model": "cryptocurrency.address",
        "pk": "cryptosharepay|TEST|bitcoin|testnet|25",
        "fields": {
            "address": "tb1qsw50dplmek8arm0g0kjz2a45tw2xzvc4sk83fz",
            "api_key": null,
            "cryptocurrency_id": "8ee0b2c4-5b13-4de0-a97c-60e4cb8b25c3",
            "subscription_id": null,
            "status": "AVAILABLE"
        }
    },
    {
        "model": "cryptocurrency.address",
        "pk": "cryptosharepay|TEST|bitcoin|testnet|26",
        "fields": {
            "address": "tb1qa56f5ra9dvztnsnzkh2fxeu06nm5cxyywumy9e",
            "api_key": null,
            "cryptocurrency_id": "8ee0b2c4-5b13-4de0-a97c-60e4cb8b25c3",
            "subscription_id": null,
            "status": "AVAILABLE"
        }
    },
    {
        "model": "cryptocurrency.address",
        "pk": "cryptosharepay|TEST|bitcoin|testnet|27",
        "fields": {
            "address": "tb1qv40gxs7xflqjhgxu4fqge7zxdtvg6hhzck8dkw",
            "api_key": null,
            "cryptocurrency_id": "8ee0b2c4-5b13-4de0-a97c-60e4cb8b25c3",
            "subscription_id": null,
            "status": "AVAILABLE"
        }
    },
    {
        "model": "cryptocurrency.address",
        "pk": "cryptosharepay|TEST|bitcoin|testnet|28",
        "fields": {
            "address": "tb1qsu52ypl7sc5z7m0dnpya2jyv6yj3qw3n30tc5v",
            "api_key": null,
            "cryptocurrency_id": "8ee0b2c4-5b13-4de0-a97c-60e4cb8b25c3",
            "subscription_id": null,
            "status": "AVAILABLE"
        }
    },
    {
        "model": "cryptocurrency.address",
        "pk": "cryptosharepay|TEST|bitcoin|testnet|29",
        "fields": {
            "address": "tb1q6t5xy3zxxmkwg2ud4eua3dvuux6pq2xp2k8eyg",
            "api_key": null,
            "cryptocurrency_id": "8ee0b2c4-5b13-4de0-a97c-60e4cb8b25c3",
            "subscription_id": null,
            "status": "AVAILABLE"
        }
    },
    {
        "model": "cryptocurrency.address",
        "pk": "cryptosharepay|TEST|bitcoin|testnet|3",
        "fields": {
            "address": "tb1qdn3jgjtzrz9988cgwx9aty93hm0ys98u4pu5wc",
            "api_key": null,
            "cryptocurrency_id": "8ee0b2c4-5b13-4de0-a97c-60e4cb8b25c3",
            "subscription_id": null,
            "status": "AVAILABLE"
        }
    },
    {
        "model": "cryptocurrency.address",
        "pk": "cryptosharepay|TEST|bitcoin|testnet|30",
        "fields": {
            "address": "tb1qw03eg29ly7t7twd5s7q923pkz7wn4yk5lwyu4a",
            "api_key": null,
            "cryptocurrency_id": "8ee0b2c4-5b13-4de0-a97c-60e4cb8b25c3",
            "subscription_id": null,
            "status": "AVAILABLE"
        }
    },
    {
        "model": "cryptocurrency.address",
        "pk": "cryptosharepay|TEST|bitcoin|testnet|31",
        "fields": {
            "address": "tb1qjksqx0v6eacsffluy37eq5khv2ttydklr9ehhc",
            "api_key": null,
            "cryptocurrency_id": "8ee0b2c4-5b13-4de0-a97c-60e4cb8b25c3",
            "subscription_id": null,
            "status": "AVAILABLE"
        }
    },
    {
        "model": "cryptocurrency.address",
        "pk": "cryptosharepay|TEST|bitcoin|testnet|32",
        "fields": {
            "address": "tb1qgq0f02436w784chve598vrqwe65tz9qy7n2lvc",
            "api_key": null,
            "cryptocurrency_id": "8ee0b2c4-5b13-4de0-a97c-60e4cb8b25c3",
            "subscription_id": null,
            "status": "AVAILABLE"
        }
    },
    {
        "model": "cryptocurrency.address",
        "pk": "cryptosharepay|TEST|bitcoin|testnet|33",
        "fields": {
            "address": "tb1qcrlrx52t54rte69w3285e3z9xsw3lupc5rujcr",
            "api_key": null,
            "cryptocurrency_id": "8ee0b2c4-5b13-4de0-a97c-60e4cb8b25c3",
            "subscription_id": null,
            "status": "AVAILABLE"
        }
    },
    {
        "model": "cryptocurrency.address",
        "pk": "cryptosharepay|TEST|bitcoin|testnet|34",
        "fields": {
            "address": "tb1qvl4lak9vf9ajdeptaf3dq5lny6wuwyaczllnla",
            "api_key": null,
            "cryptocurrency_id": "8ee0b2c4-5b13-4de0-a97c-60e4cb8b25c3",
            "subscription_id": null,
            "status": "AVAILABLE"
        }
    },
    {
        "model": "cryptocurrency.address",
        "pk": "cryptosharepay|TEST|bitcoin|testnet|35",
        "fields": {
            "address": "tb1qwu0nwulymny7gg07vse6g9ce6rd5ujtu3z5twh",
            "api_key": null,
            "cryptocurrency_id": "8ee0b2c4-5b13-4de0-a97c-60e4cb8b25c3",
            "subscription_id": null,
            "status": "AVAILABLE"
        }
    },
    {
        "model": "cryptocurrency.address",
        "pk": "cryptosharepay|TEST|bitcoin|testnet|36",
        "fields": {
            "address": "tb1qsk75dd4dvxtwzsdta5lvelkhh63h35wzdld0j9",
            "api_key": null,
            "cryptocurrency_id": "8ee0b2c4-5b13-4de0-a97c-60e4cb8b25c3",
            "subscription_id": null,
            "status": "AVAILABLE"
        }
    },
    {
        "model": "cryptocurrency.address",
        "pk": "cryptosharepay|TEST|bitcoin|testnet|37",
        "fields": {
            "address": "tb1qu040zushzyfyavvreaf4sfjvukd8m9sl7c8022",
            "api_key": null,
            "cryptocurrency_id": "8ee0b2c4-5b13-4de0-a97c-60e4cb8b25c3",
            "subscription_id": null,
            "status": "AVAILABLE"
        }
    },
    {
        "model": "cryptocurrency.address",
        "pk": "cryptosharepay|TEST|bitcoin|testnet|38",
        "fields": {
            "address": "tb1qsaq82rn6vshrzlsf8wyhl2edpqsspjp24gtcuu",
            "api_key": null,
            "cryptocurrency_id": "8ee0b2c4-5b13-4de0-a97c-60e4cb8b25c3",
            "subscription_id": null,
            "status": "AVAILABLE"
        }
    },
    {
        "model": "cryptocurrency.address",
        "pk": "cryptosharepay|TEST|bitcoin|testnet|39",
        "fields": {
            "address": "tb1qu64qgtw6hqkndtyp3gg4lvtu3rtas246pmwep4",
            "api_key": null,
            "cryptocurrency_id": "8ee0b2c4-5b13-4de0-a97c-60e4cb8b25c3",
            "subscription_id": null,
            "status": "AVAILABLE"
        }
    },
    {
        "model": "cryptocurrency.address",
        "pk": "cryptosharepay|TEST|bitcoin|testnet|4",
        "fields": {
            "address": "tb1qvzcfyhljcpwn0zjwy2n9ygzr7r0jwx7tg85qv4",
            "api_key": null,
            "cryptocurrency_id": "8ee0b2c4-5b13-4de0-a97c-60e4cb8b25c3",
            "subscription_id": null,
            "status": "AVAILABLE"
        }
    },
    {
        "model": "cryptocurrency.address",
        "pk": "cryptosharepay|TEST|bitcoin|testnet|40",
        "fields": {
            "address": "tb1qg53vx6p2eu2uzaa7vf9agf6d2xl7p5yt70exay",
            "api_key": null,
            "cryptocurrency_id": "8ee0b2c4-5b13-4de0-a97c-60e4cb8b25c3",
            "subscription_id": null,
            "status": "AVAILABLE"
        }
    },
    {
        "model": "cryptocurrency.address",
        "pk": "cryptosharepay|TEST|bitcoin|testnet|41",
        "fields": {
            "address": "tb1qawkl372afwrp4nkvt4sps9wl4kyr69yn54at2v",
            "api_key": null,
            "cryptocurrency_id": "8ee0b2c4-5b13-4de0-a97c-60e4cb8b25c3",
            "subscription_id": null,
            "status": "AVAILABLE"
        }
    },
    {
        "model": "cryptocurrency.address",
        "pk": "cryptosharepay|TEST|bitcoin|testnet|42",
        "fields": {
            "address": "tb1qvz45ellljn0tkzt58z0044wmz62eefge5sapch",
            "api_key": null,
            "cryptocurrency_id": "8ee0b2c4-5b13-4de0-a97c-60e4cb8b25c3",
            "subscription_id": null,
            "status": "AVAILABLE"
        }
    },
    {
        "model": "cryptocurrency.address",
        "pk": "cryptosharepay|TEST|bitcoin|testnet|43",
        "fields": {
            "address": "tb1q8t93gs2kfdddgr7yaa6j58cy8xaj8lsqyzzzwt",
            "api_key": null,
            "cryptocurrency_id": "8ee0b2c4-5b13-4de0-a97c-60e4cb8b25c3",
            "subscription_id": null,
            "status": "AVAILABLE"
        }
    },
    {
        "model": "cryptocurrency.address",
        "pk": "cryptosharepay|TEST|bitcoin|testnet|44",
        "fields": {
            "address": "tb1qdj0qnsh8femk973rrjjx965w5jggz0ycvg9r7r",
            "api_key": null,
            "cryptocurrency_id": "8ee0b2c4-5b13-4de0-a97c-60e4cb8b25c3",
            "subscription_id": null,
            "status": "AVAILABLE"
        }
    },
    {
        "model": "cryptocurrency.address",
        "pk": "cryptosharepay|TEST|bitcoin|testnet|45",
        "fields": {
            "address": "tb1qegmuj288q2sv7khd2sj7t69c63zdsf2rdym7q5",
            "api_key": null,
            "cryptocurrency_id": "8ee0b2c4-5b13-4de0-a97c-60e4cb8b25c3",
            "subscription_id": null,
            "status": "AVAILABLE"
        }
    },
    {
        "model": "cryptocurrency.address",
        "pk": "cryptosharepay|TEST|bitcoin|testnet|46",
        "fields": {
            "address": "tb1q6aewr6tr624tzh7jn5spt8lg5zznmugksvw5yy",
            "api_key": null,
            "cryptocurrency_id": "8ee0b2c4-5b13-4de0-a97c-60e4cb8b25c3",
            "subscription_id": null,
            "status": "AVAILABLE"
        }
    },
    {
        "model": "cryptocurrency.address",
        "pk": "cryptosharepay|TEST|bitcoin|testnet|47",
        "fields": {
            "address": "tb1qzs85f4mt22ne3waat2zu75gqc292hrd7k2p5hj",
            "api_key": null,
            "cryptocurrency_id": "8ee0b2c4-5b13-4de0-a97c-60e4cb8b25c3",
            "subscription_id": null,
            "status": "AVAILABLE"
        }
    },
    {
        "model": "cryptocurrency.address",
        "pk": "cryptosharepay|TEST|bitcoin|testnet|48",
        "fields": {
            "address": "tb1q8p2yg9u0kcw8ldqtw3krsrt4m0r0sj5jlep9al",
            "api_key": null,
            "cryptocurrency_id": "8ee0b2c4-5b13-4de0-a97c-60e4cb8b25c3",
            "subscription_id": null,
            "status": "AVAILABLE"
        }
    },
    {
        "model": "cryptocurrency.address",
        "pk": "cryptosharepay|TEST|bitcoin|testnet|49",
        "fields": {
            "address": "tb1qnxvf8fvg69u0f07ag6ssawqqqyvh29yls4d9m7",
            "api_key": null,
            "cryptocurrency_id": "8ee0b2c4-5b13-4de0-a97c-60e4cb8b25c3",
            "subscription_id": null,
            "status": "AVAILABLE"
        }
    },
    {
        "model": "cryptocurrency.address",
        "pk": "cryptosharepay|TEST|bitcoin|testnet|5",
        "fields": {
            "address": "tb1qvsf08dgqr8kl6tc6pt7hn2vjjalr0tmqtuwtnp",
            "api_key": null,
            "cryptocurrency_id": "8ee0b2c4-5b13-4de0-a97c-60e4cb8b25c3",
            "subscription_id": null,
            "status": "AVAILABLE"
        }
    },
    {
        "model": "cryptocurrency.address",
        "pk": "cryptosharepay|TEST|bitcoin|testnet|50",
        "fields": {
            "address": "tb1qjap5skpfqa20yyug3l84el6cqqs33fpgc46rts",
            "api_key": null,
            "cryptocurrency_id": "8ee0b2c4-5b13-4de0-a97c-60e4cb8b25c3",
            "subscription_id": null,
            "status": "AVAILABLE"
        }
    },
    {
        "model": "cryptocurrency.address",
        "pk": "cryptosharepay|TEST|bitcoin|testnet|51",
        "fields": {
            "address": "tb1qu94gruu4fgv5df0cng3cvddgwl067zuwzk4335",
            "api_key": null,
            "cryptocurrency_id": "8ee0b2c4-5b13-4de0-a97c-60e4cb8b25c3",
            "subscription_id": null,
            "status": "AVAILABLE"
        }
    },
    {
        "model": "cryptocurrency.address",
        "pk": "cryptosharepay|TEST|bitcoin|testnet|52",
        "fields": {
            "address": "tb1q87nsej3qe8sqe7xytmfxga5zw75mzwcguuvs59",
            "api_key": null,
            "cryptocurrency_id": "8ee0b2c4-5b13-4de0-a97c-60e4cb8b25c3",
            "subscription_id": null,
            "status": "AVAILABLE"
        }
    },
    {
        "model": "cryptocurrency.address",
        "pk": "cryptosharepay|TEST|bitcoin|testnet|53",
        "fields": {
            "address": "tb1qzvwdzkdpdyzqpl2wnwvg9qwt0twtl4rndsuph4",
            "api_key": null,
            "cryptocurrency_id": "8ee0b2c4-5b13-4de0-a97c-60e4cb8b25c3",
            "subscription_id": null,
            "status": "AVAILABLE"
        }
    },
    {
        "model": "cryptocurrency.address",
        "pk": "cryptosharepay|TEST|bitcoin|testnet|54",
        "fields": {
            "address": "tb1q44rz90wv2k2rcd502rzt2pksev49xf9xwfnf5j",
            "api_key": null,
            "cryptocurrency_id": "8ee0b2c4-5b13-4de0-a97c-60e4cb8b25c3",
            "subscription_id": null,
            "status": "AVAILABLE"
        }
    },
    {
        "model": "cryptocurrency.address",
        "pk": "cryptosharepay|TEST|bitcoin|testnet|55",
        "fields": {
            "address": "tb1q7mpyssqvw6vm0g4rtuh0u3rq40mm72ct4l33n0",
            "api_key": null,
            "cryptocurrency_id": "8ee0b2c4-5b13-4de0-a97c-60e4cb8b25c3",
            "subscription_id": null,
            "status": "AVAILABLE"
        }
    },
    {
        "model": "cryptocurrency.address",
        "pk": "cryptosharepay|TEST|bitcoin|testnet|6",
        "fields": {
            "address": "tb1qxypyrtcxj5fxcp87yyu0grwjz0j2knsyfmhdcj",
            "api_key": null,
            "cryptocurrency_id": "8ee0b2c4-5b13-4de0-a97c-60e4cb8b25c3",
            "subscription_id": null,
            "status": "AVAILABLE"
        }
    },
    {
        "model": "cryptocurrency.address",
        "pk": "cryptosharepay|TEST|bitcoin|testnet|7",
        "fields": {
            "address": "tb1qs4pvmdh5ekzafknv9kn55pg0l6vggsktgxzfe6",
            "api_key": null,
            "cryptocurrency_id": "8ee0b2c4-5b13-4de0-a97c-60e4cb8b25c3",
            "subscription_id": null,
            "status": "AVAILABLE"
        }
    },
    {
        "model": "cryptocurrency.address",
        "pk": "cryptosharepay|TEST|bitcoin|testnet|8",
        "fields": {
            "address": "tb1qcm2gu7crftyzklhu6xdq0ctxun9gvfm3ge884s",
            "api_key": null,
            "cryptocurrency_id": "8ee0b2c4-5b13-4de0-a97c-60e4cb8b25c3",
            "subscription_id": null,
            "status": "AVAILABLE"
        }
    },
    {
        "model": "cryptocurrency.address",
        "pk": "cryptosharepay|TEST|bitcoin|testnet|9",
        "fields": {
            "address": "tb1qwzdpt85tkgryncrvqhvw4wd5f2uh5zgwg9xl64",
            "api_key": null,
            "cryptocurrency_id": "8ee0b2c4-5b13-4de0-a97c-60e4cb8b25c3",
            "subscription_id": null,
            "status": "AVAILABLE"
        }
    },
    {
        "model": "cryptocurrency.address",
        "pk": "cryptosharepay|TEST|dash|testnet|0",
        "fields": {
            "address": "yUt2JL9DArrgddu4KeBALCT6duGdai9W9U",
            "api_key": "tsk_b67044466d5bb5dbc6c05f794a3f4ad2",
            "cryptocurrency_id": "74d33bf7-0cc9-48e4-a2f0-1e1e11517c27",
            "subscription_id": "887381f4-f38d-4476-a697-152c8da0792e",
            "status": "IN_USE"
        }
    },
    {
        "model": "cryptocurrency.address",
        "pk": "cryptosharepay|TEST|dogecoin|testnet|0",
        "fields": {
            "address": "nmXizbGAS5C3LZkt9FQwouU8JD3qAuwHJf",
            "api_key": "tsk_b67044466d5bb5dbc6c05f794a3f4ad2",
            "cryptocurrency_id": "1010c6ef-49ac-4b05-90bf-88ddf02e408c",
            "subscription_id": "23b9aeb5-9f08-46a1-b110-0ed741bf47d0",
            "status": "IN_USE"
        }
    },
    {
        "model": "cryptocurrency.address",
        "pk": "cryptosharepay|TEST|dogecoin|testnet|1",
        "fields": {
            "address": "nY35gnkKxLo8W3QwfqFSqb1kcVmPpgAYif",
            "api_key": "tsk_b67044466d5bb5dbc6c05f794a3f4ad2",
            "cryptocurrency_id": "1010c6ef-49ac-4b05-90bf-88ddf02e408c",
            "subscription_id": "6c35d38c-c64e-4641-a765-27ee360e4065",
            "status": "IN_USE"
        }
    },
    {
        "model": "cryptocurrency.address",
        "pk": "cryptosharepay|TEST|dogecoin|testnet|2",
        "fields": {
            "address": "nVh1mdJfu5EHKzow17Z1JcCL8Q2UMBUcfZ",
            "api_key": "tsk_b67044466d5bb5dbc6c05f794a3f4ad2",
            "cryptocurrency_id": "1010c6ef-49ac-4b05-90bf-88ddf02e408c",
            "subscription_id": "fa90d19d-1cfb-415b-9ebb-c82c90912d44",
            "status": "IN_USE"
        }
    },
    {
        "model": "cryptocurrency.address",
        "pk": "cryptosharepay|TEST|dogecoin|testnet|3",
        "fields": {
            "address": "nr7dFu7LDyLs2oR5NxozWdrTqNfAzrfojW",
            "api_key": null,
            "cryptocurrency_id": "1010c6ef-49ac-4b05-90bf-88ddf02e408c",
            "subscription_id": null,
            "status": "AVAILABLE"
        }
    },
    {
        "model": "cryptocurrency.address",
        "pk": "cryptosharepay|TEST|ethereum|goerli|0",
        "fields": {
            "address": "0x3c75d6a84f816f2b4b077b3cbe674069f6bd0603",
            "api_key": "tsk_b67044466d5bb5dbc6c05f794a3f4ad2",
            "cryptocurrency_id": "97f8f738-140a-4bf8-9008-cf5db0047a44",
            "subscription_id": "7c8d26ce-ea37-40aa-a374-16239ed7cffb",
            "status": "IN_USE"
        }
    },
    {
        "model": "cryptocurrency.address",
        "pk": "cryptosharepay|TEST|ethereum|goerli|1",
        "fields": {
            "address": "0x6e704c822bf3fa5d78b0673c4f2cdd5833ba5182",
            "api_key": "tsk_b67044466d5bb5dbc6c05f794a3f4ad2",
            "cryptocurrency_id": "97f8f738-140a-4bf8-9008-cf5db0047a44",
            "subscription_id": "cf1801c7-7376-4c59-aa03-c6a85afb663e",
            "status": "IN_USE"
        }
    },
    {
        "model": "cryptocurrency.address",
        "pk": "cryptosharepay|TEST|litecoin|testnet|0",
        "fields": {
            "address": "mxEkE9q3zSwp7J1FQSqRgCLxGjPLN7vEEe",
            "api_key": "tsk_57abd7c84c7bb39e8e5fcf792462b9a9",
            "cryptocurrency_id": "7ed7e113-fb3e-441a-914b-38b86e60a7f6",
            "subscription_id": "b0c9b63b-36a0-45f5-9e9c-6a59ed52c7e4",
            "status": "IN_USE"
        }
    },
    {
        "model": "cryptocurrency.address",
        "pk": "cryptosharepay|TEST|litecoin|testnet|1",
        "fields": {
            "address": "mk3jwLwLSiDZHbMK4kKX9DG6EJ1FYtf2g2",
            "api_key": "tsk_57abd7c84c7bb39e8e5fcf792462b9a9",
            "cryptocurrency_id": "7ed7e113-fb3e-441a-914b-38b86e60a7f6",
            "subscription_id": "ae1d2d46-8e77-4719-8876-e80555b0d45b",
            "status": "IN_USE"
        }
    },
    {
        "model": "cryptocurrency.address",
        "pk": "cryptosharepay|TEST|litecoin|testnet|2",
        "fields": {
            "address": "n3hwu7ApAu5PDcxkoVA9f6gtsnL2GmTKjQ",
            "api_key": "tsk_57abd7c84c7bb39e8e5fcf792462b9a9",
            "cryptocurrency_id": "7ed7e113-fb3e-441a-914b-38b86e60a7f6",
            "subscription_id": "20e3d21b-ac64-435f-9116-64f81a3aafe4",
            "status": "IN_USE"
        }
    },
    {
        "model": "cryptocurrency.address",
        "pk": "cryptosharepay|TEST|litecoin|testnet|3",
        "fields": {
            "address": "mfkZc8ibxarTaQgQuh982cAAdbvtFCRmjU",
            "api_key": "tsk_06a977a67edb74197cb89ebe14a24199",
            "cryptocurrency_id": "7ed7e113-fb3e-441a-914b-38b86e60a7f6",
            "subscription_id": "5b11b73c-ff8e-4782-9ea3-020ad2076515",
            "status": "IN_USE"
        }
    },
    {
        "model": "cryptocurrency.address",
        "pk": "cryptosharepay|TEST|litecoin|testnet|4",
        "fields": {
            "address": "mtmb6Cn8EUzyZ5hWVP7tXL8ZQqchbpEgSv",
            "api_key": "tsk_b67044466d5bb5dbc6c05f794a3f4ad2",
            "cryptocurrency_id": "7ed7e113-fb3e-441a-914b-38b86e60a7f6",
            "subscription_id": "1d287891-0f79-4627-b6fd-48768a08b72b",
            "status": "IN_USE"
        }
    },
    {
        "model": "cryptocurrency.address",
        "pk": "cryptosharepay|TEST|litecoin|testnet|5",
        "fields": {
            "address": "mzytyBkF4Lnm9KKuXwt5p732WYWhBicqgZ",
            "api_key": null,
            "cryptocurrency_id": "7ed7e113-fb3e-441a-914b-38b86e60a7f6",
            "subscription_id": null,
            "status": "AVAILABLE"
        }
    },
    {
        "model": "transactions.transaction",
        "pk": "07bc1110-d99d-431c-86d3-f335378d069a",
        "fields": {
            "api_key": "tsk_b67044466d5bb5dbc6c05f794a3f4ad2",
            "type": "PAYMENT_REQUEST",
            "description": "Test",
            "digital_currency_id": "USD",
            "digital_currency_amount": "1.00",
            "cryptocurrency_amount": "0.00005228",
            "cryptocurrency_amount_received": "0E-8",
            "address_id": "cryptosharepay|TEST|bitcoin|testnet|34",
            "withdrawal_address": null,
            "address_refund": null,
            "client_email": null,
            "client_phone": null,
            "creation_datetime": "2022-10-21T03:58:29.250Z",
            "expiration_datetime": "2022-10-21T02:58:48.839Z",
            "state": "CANCELLED",
            "status": "CANCELLED"
        }
    },
    {
        "model": "transactions.transaction",
        "pk": "0aac4830-2479-424d-977b-052278489cbe",
        "fields": {
            "api_key": "tsk_b67044466d5bb5dbc6c05f794a3f4ad2",
            "type": "PAYMENT_REQUEST",
            "description": "Test",
            "digital_currency_id": "USD",
            "digital_currency_amount": "1.00",
            "cryptocurrency_amount": "0.00005228",
            "cryptocurrency_amount_received": "0E-8",
            "address_id": "cryptosharepay|TEST|bitcoin|testnet|25",
            "withdrawal_address": null,
            "address_refund": null,
            "client_email": null,
            "client_phone": null,
            "creation_datetime": "2022-10-21T03:41:42.524Z",
            "expiration_datetime": "2022-10-21T02:58:48.989Z",
            "state": "CANCELLED",
            "status": "CANCELLED"
        }
    },
    {
        "model": "transactions.transaction",
        "pk": "0b95a349-bebd-4960-ba8d-10d556bc5cf9",
        "fields": {
            "api_key": "tsk_b67044466d5bb5dbc6c05f794a3f4ad2",
            "type": "PAYMENT_REQUEST",
            "description": "Test",
            "digital_currency_id": "USD",
            "digital_currency_amount": "1.00",
            "cryptocurrency_amount": "0.00005228",
            "cryptocurrency_amount_received": "0E-8",
            "address_id": "cryptosharepay|TEST|bitcoin|testnet|14",
            "withdrawal_address": null,
            "address_refund": null,
            "client_email": null,
            "client_phone": null,
            "creation_datetime": "2022-10-21T03:11:22.512Z",
            "expiration_datetime": "2022-10-21T02:58:49.025Z",
            "state": "CANCELLED",
            "status": "CANCELLED"
        }
    },
    {
        "model": "transactions.transaction",
        "pk": "13b068a0-ffb6-4437-a5d3-91a8b35c2679",
        "fields": {
            "api_key": "tsk_b67044466d5bb5dbc6c05f794a3f4ad2",
            "type": "PAYMENT_REQUEST",
            "description": "Test transaction bitcoin full workflow",
            "digital_currency_id": "USD",
            "digital_currency_amount": "1.00",
            "cryptocurrency_amount": "0.00005228",
            "cryptocurrency_amount_received": "0E-8",
            "address_id": "cryptosharepay|TEST|bitcoin|testnet|54",
            "withdrawal_address": null,
            "address_refund": null,
            "client_email": null,
            "client_phone": null,
            "creation_datetime": "2022-10-21T22:30:32.691Z",
            "expiration_datetime": "2022-10-21T02:58:49.025Z",
            "state": "CANCELLED",
            "status": "CANCELLED"
        }
    },
    {
        "model": "transactions.transaction",
        "pk": "14c5c2f8-ffcc-4c90-9e10-a6341312ed6a",
        "fields": {
            "api_key": "tsk_b67044466d5bb5dbc6c05f794a3f4ad2",
            "type": "PAYMENT_REQUEST",
            "description": "Test transaction bitcoin full workflow",
            "digital_currency_id": "USD",
            "digital_currency_amount": "1.00",
            "cryptocurrency_amount": "0.00005228",
            "cryptocurrency_amount_received": "0E-8",
            "address_id": "cryptosharepay|TEST|bitcoin|testnet|1",
            "withdrawal_address": null,
            "address_refund": null,
            "client_email": null,
            "client_phone": null,
            "creation_datetime": "2022-10-24T00:32:36.045Z",
            "expiration_datetime": "2022-10-26T00:32:16.592Z",
            "state": "CANCELLED",
            "status": "CANCELLED"
        }
    },
    {
        "model": "transactions.transaction",
        "pk": "18a6f200-dc91-40ed-b558-672bf289632e",
        "fields": {
            "api_key": "tsk_b67044466d5bb5dbc6c05f794a3f4ad2",
            "type": "PAYMENT_REQUEST",
            "description": "Test transaction bitcoin full workflow",
            "digital_currency_id": "USD",
            "digital_currency_amount": "1.00",
            "cryptocurrency_amount": "0.00005228",
            "cryptocurrency_amount_received": "0E-8",
            "address_id": "cryptosharepay|TEST|bitcoin|testnet|51",
            "withdrawal_address": null,
            "address_refund": null,
            "client_email": null,
            "client_phone": null,
            "creation_datetime": "2022-10-21T04:52:33.910Z",
            "expiration_datetime": "2022-10-21T02:58:49.025Z",
            "state": "CANCELLED",
            "status": "CANCELLED"
        }
    },
    {
        "model": "transactions.transaction",
        "pk": "1ed8a741-0def-4705-9836-be3005ca71c6",
        "fields": {
            "api_key": "tsk_b67044466d5bb5dbc6c05f794a3f4ad2",
            "type": "PAYMENT_REQUEST",
            "description": "Testing emails",
            "digital_currency_id": "USD",
            "digital_currency_amount": "20.00",
            "cryptocurrency_amount": "0.35354428",
            "cryptocurrency_amount_received": "0E-8",
            "address_id": "cryptosharepay|TEST|litecoin|testnet|5",
            "withdrawal_address": null,
            "address_refund": null,
            "client_email": null,
            "client_phone": null,
            "creation_datetime": "2022-10-31T02:17:31.756Z",
            "expiration_datetime": "2022-11-02T02:17:21.364Z",
            "state": "COMPLETE",
            "status": "COMPLETED"
        }
    },
    {
        "model": "transactions.transaction",
        "pk": "2d2e542c-3c47-4654-9bbd-a1e4dd0bf1e2",
        "fields": {
            "api_key": "tsk_b67044466d5bb5dbc6c05f794a3f4ad2",
            "type": "PAYMENT_REQUEST",
            "description": "Test transaction4",
            "digital_currency_id": "USD",
            "digital_currency_amount": "25.00",
            "cryptocurrency_amount": "0.60328185",
            "cryptocurrency_amount_received": null,
            "address_id": "cryptosharepay|TEST|bitcoin-cash|testnet|0",
            "withdrawal_address": null,
            "address_refund": null,
            "client_email": "25",
            "client_phone": null,
            "creation_datetime": "2022-09-29T03:47:11.927Z",
            "expiration_datetime": "2022-10-01T03:46:24.144Z",
            "state": "CANCELLED",
            "status": "CANCELLED"
        }
    },
    {
        "model": "transactions.transaction",
        "pk": "2eac5e42-c236-4365-8eb9-8440c99d3061",
        "fields": {
            "api_key": "tsk_b67044466d5bb5dbc6c05f794a3f4ad2",
            "type": "PAYMENT_REQUEST",
            "description": "Test 1",
            "digital_currency_id": "USD",
            "digital_currency_amount": "10.00",
            "cryptocurrency_amount": "0.00052276",
            "cryptocurrency_amount_received": "0E-8",
            "address_id": "cryptosharepay|TEST|bitcoin|testnet|2",
            "withdrawal_address": null,
            "address_refund": null,
            "client_email": null,
            "client_phone": null,
            "creation_datetime": "2022-10-21T02:09:31.318Z",
            "expiration_datetime": "2022-10-21T02:58:48.989Z",
            "state": "CANCELLED",
            "status": "CANCELLED"
        }
    },
    {
        "model": "transactions.transaction",
        "pk": "320455e9-c8e3-4118-a069-57bbbccd12a9",
        "fields": {
            "api_key": "tsk_b67044466d5bb5dbc6c05f794a3f4ad2",
            "type": "PAYMENT_REQUEST",
            "description": "Test",
            "digital_currency_id": "USD",
            "digital_currency_amount": "1.00",
            "cryptocurrency_amount": "0.00005228",
            "cryptocurrency_amount_received": "0E-8",
            "address_id": "cryptosharepay|TEST|bitcoin|testnet|46",
            "withdrawal_address": null,
            "address_refund": null,
            "client_email": null,
            "client_phone": null,
            "creation_datetime": "2022-10-21T04:34:19.155Z",
            "expiration_datetime": "2022-10-21T02:58:48.839Z",
            "state": "CANCELLED",
            "status": "CANCELLED"
        }
    },
    {
        "model": "transactions.transaction",
        "pk": "34be8991-ccb8-4470-ba48-54ffae0a72d3",
        "fields": {
            "api_key": "tsk_b67044466d5bb5dbc6c05f794a3f4ad2",
            "type": "PAYMENT_REQUEST",
            "description": "Test",
            "digital_currency_id": "USD",
            "digital_currency_amount": "1.00",
            "cryptocurrency_amount": "0.00005228",
            "cryptocurrency_amount_received": "0E-8",
            "address_id": "cryptosharepay|TEST|bitcoin|testnet|26",
            "withdrawal_address": null,
            "address_refund": null,
            "client_email": null,
            "client_phone": null,
            "creation_datetime": "2022-10-21T03:45:42.795Z",
            "expiration_datetime": "2022-10-21T02:58:48.989Z",
            "state": "CANCELLED",
            "status": "CANCELLED"
        }
    },
    {
        "model": "transactions.transaction",
        "pk": "3801c7cd-186d-4af4-9883-fb5fb7487122",
        "fields": {
            "api_key": "tsk_b67044466d5bb5dbc6c05f794a3f4ad2",
            "type": "PAYMENT_REQUEST",
            "description": "Test",
            "digital_currency_id": "USD",
            "digital_currency_amount": "1.00",
            "cryptocurrency_amount": "0.00005228",
            "cryptocurrency_amount_received": "0E-8",
            "address_id": "cryptosharepay|TEST|bitcoin|testnet|40",
            "withdrawal_address": null,
            "address_refund": null,
            "client_email": null,
            "client_phone": null,
            "creation_datetime": "2022-10-21T04:13:13.844Z",
            "expiration_datetime": "2022-10-21T02:58:49.025Z",
            "state": "CANCELLED",
            "status": "CANCELLED"
        }
    },
    {
        "model": "transactions.transaction",
        "pk": "39dc6735-a460-422e-a89b-5543da0564cb",
        "fields": {
            "api_key": "tsk_b67044466d5bb5dbc6c05f794a3f4ad2",
            "type": "PAYMENT_REQUEST",
            "description": "Test",
            "digital_currency_id": "USD",
            "digital_currency_amount": "1.00",
            "cryptocurrency_amount": "0.00005228",
            "cryptocurrency_amount_received": "0E-8",
            "address_id": "cryptosharepay|TEST|bitcoin|testnet|20",
            "withdrawal_address": null,
            "address_refund": null,
            "client_email": null,
            "client_phone": null,
            "creation_datetime": "2022-10-21T03:20:09.454Z",
            "expiration_datetime": "2022-10-21T02:58:48.989Z",
            "state": "CANCELLED",
            "status": "CANCELLED"
        }
    },
    {
        "model": "transactions.transaction",
        "pk": "3ce9e660-fda9-4bc7-8521-21dbdfb89f43",
        "fields": {
            "api_key": "tsk_b67044466d5bb5dbc6c05f794a3f4ad2",
            "type": "PAYMENT_REQUEST",
            "description": "test",
            "digital_currency_id": "USD",
            "digital_currency_amount": "1.00",
            "cryptocurrency_amount": "0.00005228",
            "cryptocurrency_amount_received": "0E-8",
            "address_id": "cryptosharepay|TEST|bitcoin|testnet|32",
            "withdrawal_address": null,
            "address_refund": null,
            "client_email": null,
            "client_phone": null,
            "creation_datetime": "2022-10-21T03:55:54.153Z",
            "expiration_datetime": "2022-10-21T02:58:49.025Z",
            "state": "CANCELLED",
            "status": "CANCELLED"
        }
    },
    {
        "model": "transactions.transaction",
        "pk": "3f850e9f-2432-4899-8b38-03249ab0070a",
        "fields": {
            "api_key": "tsk_b67044466d5bb5dbc6c05f794a3f4ad2",
            "type": "PAYMENT_REQUEST",
            "description": "TEST timestamp",
            "digital_currency_id": "USD",
            "digital_currency_amount": "1.00",
            "cryptocurrency_amount": "0.00005228",
            "cryptocurrency_amount_received": "0E-8",
            "address_id": "cryptosharepay|TEST|bitcoin|testnet|12",
            "withdrawal_address": null,
            "address_refund": null,
            "client_email": null,
            "client_phone": null,
            "creation_datetime": "2022-10-24T02:45:27.371Z",
            "expiration_datetime": "2022-10-26T00:35:40.275Z",
            "state": "COMPLETE",
            "status": "COMPLETED"
        }
    },
    {
        "model": "transactions.transaction",
        "pk": "40bc816f-5541-4110-b841-6e3b370427f4",
        "fields": {
            "api_key": "tsk_b67044466d5bb5dbc6c05f794a3f4ad2",
            "type": "PAYMENT_REQUEST",
            "description": "test",
            "digital_currency_id": "USD",
            "digital_currency_amount": "10.00",
            "cryptocurrency_amount": "0.00052276",
            "cryptocurrency_amount_received": "0E-8",
            "address_id": "cryptosharepay|TEST|bitcoin|testnet|6",
            "withdrawal_address": null,
            "address_refund": null,
            "client_email": null,
            "client_phone": null,
            "creation_datetime": "2022-10-21T02:23:34.159Z",
            "expiration_datetime": "2022-10-21T02:58:48.839Z",
            "state": "CANCELLED",
            "status": "CANCELLED"
        }
    },
    {
        "model": "transactions.transaction",
        "pk": "4600f2e3-e05b-4a83-bc59-2c8e667a3ca3",
        "fields": {
            "api_key": "tsk_b67044466d5bb5dbc6c05f794a3f4ad2",
            "type": "PAYMENT_REQUEST",
            "description": "Test",
            "digital_currency_id": "USD",
            "digital_currency_amount": "1.00",
            "cryptocurrency_amount": "0.00005228",
            "cryptocurrency_amount_received": "0E-8",
            "address_id": "cryptosharepay|TEST|bitcoin|testnet|24",
            "withdrawal_address": null,
            "address_refund": null,
            "client_email": null,
            "client_phone": null,
            "creation_datetime": "2022-10-21T03:39:58.982Z",
            "expiration_datetime": "2022-10-21T02:58:48.989Z",
            "state": "CANCELLED",
            "status": "CANCELLED"
        }
    },
    {
        "model": "transactions.transaction",
        "pk": "48b0f4cc-d578-4641-a43f-6fca2413c391",
        "fields": {
            "api_key": "tsk_b67044466d5bb5dbc6c05f794a3f4ad2",
            "type": "PAYMENT_REQUEST",
            "description": "Test",
            "digital_currency_id": "USD",
            "digital_currency_amount": "1.00",
            "cryptocurrency_amount": "0.00005228",
            "cryptocurrency_amount_received": "0E-8",
            "address_id": "cryptosharepay|TEST|bitcoin|testnet|41",
            "withdrawal_address": null,
            "address_refund": null,
            "client_email": null,
            "client_phone": null,
            "creation_datetime": "2022-10-21T04:16:26.681Z",
            "expiration_datetime": "2022-10-21T02:58:48.989Z",
            "state": "CANCELLED",
            "status": "CANCELLED"
        }
    },
    {
        "model": "transactions.transaction",
        "pk": "48b10ea1-dbd0-4784-a0ab-3c4d28578d84",
        "fields": {
            "api_key": "tsk_b67044466d5bb5dbc6c05f794a3f4ad2",
            "type": "PAYMENT_REQUEST",
            "description": "Testing patch",
            "digital_currency_id": "USD",
            "digital_currency_amount": "15.00",
            "cryptocurrency_amount": "115.46099728",
            "cryptocurrency_amount_received": "0E-8",
            "address_id": "cryptosharepay|TEST|dogecoin|testnet|3",
            "withdrawal_address": null,
            "address_refund": null,
            "client_email": null,
            "client_phone": null,
            "creation_datetime": "2022-10-31T04:24:49.830Z",
            "expiration_datetime": "2022-11-02T02:31:54.087Z",
            "state": "COMPLETE",
            "status": "COMPLETED"
        }
    },
    {
        "model": "transactions.transaction",
        "pk": "4b2384c5-e0a6-44e6-94af-a122f2f7a500",
        "fields": {
            "api_key": "tsk_b67044466d5bb5dbc6c05f794a3f4ad2",
            "type": "PAYMENT_REQUEST",
            "description": "test timestamp",
            "digital_currency_id": "USD",
            "digital_currency_amount": "1.00",
            "cryptocurrency_amount": "0.00005228",
            "cryptocurrency_amount_received": "0E-8",
            "address_id": "cryptosharepay|TEST|bitcoin|testnet|11",
            "withdrawal_address": null,
            "address_refund": null,
            "client_email": null,
            "client_phone": null,
            "creation_datetime": "2022-10-24T01:03:51.441Z",
            "expiration_datetime": "2022-10-26T00:35:40.275Z",
            "state": "COMPLETE",
            "status": "COMPLETED"
        }
    },
    {
        "model": "transactions.transaction",
        "pk": "4c98560c-84be-4b81-bac1-dcdda4fa5693",
        "fields": {
            "api_key": "tsk_57abd7c84c7bb39e8e5fcf792462b9a9",
            "type": "PAYMENT_REQUEST",
            "description": "Test transaction2",
            "digital_currency_id": "USD",
            "digital_currency_amount": "52.00",
            "cryptocurrency_amount": "1.04000000",
            "cryptocurrency_amount_received": null,
            "address_id": "cryptosharepay|TEST|litecoin|testnet|2",
            "withdrawal_address": null,
            "address_refund": null,
            "client_email": null,
            "client_phone": null,
            "creation_datetime": "2022-10-13T21:10:08.901Z",
            "expiration_datetime": "2022-10-15T21:09:34.208Z",
            "state": "PENDING",
            "status": "WAITING_FOR_DEPOSIT"
        }
    },
    {
        "model": "transactions.transaction",
        "pk": "4f8fb258-83ed-46c3-89b4-adb89129c1dc",
        "fields": {
            "api_key": "tsk_b67044466d5bb5dbc6c05f794a3f4ad2",
            "type": "PAYMENT_REQUEST",
            "description": "Test 1",
            "digital_currency_id": "USD",
            "digital_currency_amount": "10.00",
            "cryptocurrency_amount": "0.00052276",
            "cryptocurrency_amount_received": "0E-8",
            "address_id": "cryptosharepay|TEST|bitcoin|testnet|1",
            "withdrawal_address": null,
            "address_refund": null,
            "client_email": null,
            "client_phone": null,
            "creation_datetime": "2022-10-21T01:56:18.478Z",
            "expiration_datetime": "2022-10-21T02:58:48.839Z",
            "state": "CANCELLED",
            "status": "CANCELLED"
        }
    },
    {
        "model": "transactions.transaction",
        "pk": "4fd344ed-cd5f-41f0-859f-0e0717c8a379",
        "fields": {
            "api_key": "tsk_b67044466d5bb5dbc6c05f794a3f4ad2",
            "type": "PAYMENT_REQUEST",
            "description": "test",
            "digital_currency_id": "USD",
            "digital_currency_amount": "1.00",
            "cryptocurrency_amount": "0.00005228",
            "cryptocurrency_amount_received": "0E-8",
            "address_id": "cryptosharepay|TEST|bitcoin|testnet|31",
            "withdrawal_address": null,
            "address_refund": null,
            "client_email": null,
            "client_phone": null,
            "creation_datetime": "2022-10-21T03:54:04.444Z",
            "expiration_datetime": "2022-10-21T02:58:49.025Z",
            "state": "CANCELLED",
            "status": "CANCELLED"
        }
    },
    {
        "model": "transactions.transaction",
        "pk": "523b8beb-6fb9-4071-8614-c7225e5f0034",
        "fields": {
            "api_key": "tsk_b67044466d5bb5dbc6c05f794a3f4ad2",
            "type": "PAYMENT_REQUEST",
            "description": "Test",
            "digital_currency_id": "USD",
            "digital_currency_amount": "1.00",
            "cryptocurrency_amount": "0.00005228",
            "cryptocurrency_amount_received": "0E-8",
            "address_id": "cryptosharepay|TEST|bitcoin|testnet|29",
            "withdrawal_address": null,
            "address_refund": null,
            "client_email": null,
            "client_phone": null,
            "creation_datetime": "2022-10-21T03:50:55.404Z",
            "expiration_datetime": "2022-10-21T02:58:49.025Z",
            "state": "CANCELLED",
            "status": "CANCELLED"
        }
    },
    {
        "model": "transactions.transaction",
        "pk": "549f4958-e1f4-49bd-9ed2-27d30b605267",
        "fields": {
            "api_key": "tsk_06a977a67edb74197cb89ebe14a24199",
            "type": "PAYMENT_REQUEST",
            "description": "Test transaction",
            "digital_currency_id": "USD",
            "digital_currency_amount": "52.00",
            "cryptocurrency_amount": "1.04000000",
            "cryptocurrency_amount_received": null,
            "address_id": "cryptosharepay|TEST|litecoin|testnet|3",
            "withdrawal_address": null,
            "address_refund": null,
            "client_email": null,
            "client_phone": null,
            "creation_datetime": "2022-10-13T21:28:47.233Z",
            "expiration_datetime": "2022-10-15T21:09:34.208Z",
            "state": "PENDING",
            "status": "WAITING_FOR_DEPOSIT"
        }
    },
    {
        "model": "transactions.transaction",
        "pk": "569fe226-1bc8-4cd3-878c-526127526a6a",
        "fields": {
            "api_key": "tsk_b67044466d5bb5dbc6c05f794a3f4ad2",
            "type": "PAYMENT_REQUEST",
            "description": "test",
            "digital_currency_id": "USD",
            "digital_currency_amount": "10.00",
            "cryptocurrency_amount": "0.00052276",
            "cryptocurrency_amount_received": "0E-8",
            "address_id": "cryptosharepay|TEST|bitcoin|testnet|8",
            "withdrawal_address": null,
            "address_refund": null,
            "client_email": null,
            "client_phone": null,
            "creation_datetime": "2022-10-21T02:48:32.701Z",
            "expiration_datetime": "2022-10-21T02:58:48.839Z",
            "state": "CANCELLED",
            "status": "CANCELLED"
        }
    },
    {
        "model": "transactions.transaction",
        "pk": "57df1e0d-19fa-42ea-a66b-413426482ec0",
        "fields": {
            "api_key": "tsk_b67044466d5bb5dbc6c05f794a3f4ad2",
            "type": "PAYMENT_REQUEST",
            "description": "Test",
            "digital_currency_id": "USD",
            "digital_currency_amount": "1.00",
            "cryptocurrency_amount": "0.00005228",
            "cryptocurrency_amount_received": "0E-8",
            "address_id": "cryptosharepay|TEST|bitcoin|testnet|44",
            "withdrawal_address": null,
            "address_refund": null,
            "client_email": null,
            "client_phone": null,
            "creation_datetime": "2022-10-21T04:23:24.343Z",
            "expiration_datetime": "2022-10-21T02:58:49.025Z",
            "state": "CANCELLED",
            "status": "CANCELLED"
        }
    },
    {
        "model": "transactions.transaction",
        "pk": "5a8a1048-e6b5-4ab9-9e5d-f77d1350a086",
        "fields": {
            "api_key": "tsk_b67044466d5bb5dbc6c05f794a3f4ad2",
            "type": "PAYMENT_REQUEST",
            "description": "Test trx in landing",
            "digital_currency_id": "USD",
            "digital_currency_amount": "10.00",
            "cryptocurrency_amount": "0.00052276",
            "cryptocurrency_amount_received": "0E-8",
            "address_id": "cryptosharepay|TEST|bitcoin|testnet|53",
            "withdrawal_address": null,
            "address_refund": null,
            "client_email": null,
            "client_phone": null,
            "creation_datetime": "2022-10-21T21:24:45.435Z",
            "expiration_datetime": "2022-10-21T02:58:49.025Z",
            "state": "CANCELLED",
            "status": "CANCELLED"
        }
    },
    {
        "model": "transactions.transaction",
        "pk": "5ca00544-4643-4a5a-9d3c-9ffbecd8965c",
        "fields": {
            "api_key": "tsk_b67044466d5bb5dbc6c05f794a3f4ad2",
            "type": "PAYMENT_REQUEST",
            "description": "First Test Production Transaction",
            "digital_currency_id": "USD",
            "digital_currency_amount": "10.00",
            "cryptocurrency_amount": "0.19755038",
            "cryptocurrency_amount_received": "0E-8",
            "address_id": "cryptosharepay|TEST|litecoin|testnet|4",
            "withdrawal_address": null,
            "address_refund": null,
            "client_email": null,
            "client_phone": null,
            "creation_datetime": "2022-10-23T20:40:16.881Z",
            "expiration_datetime": "2022-10-25T18:18:35.677Z",
            "state": "PENDING",
            "status": "WAITING_FOR_DEPOSIT"
        }
    },
    {
        "model": "transactions.transaction",
        "pk": "5e7b76b0-b745-4f5c-9629-1436c70517ae",
        "fields": {
            "api_key": "tsk_b67044466d5bb5dbc6c05f794a3f4ad2",
            "type": "PAYMENT_REQUEST",
            "description": "Test",
            "digital_currency_id": "USD",
            "digital_currency_amount": "1.00",
            "cryptocurrency_amount": "0.00005228",
            "cryptocurrency_amount_received": "0E-8",
            "address_id": "cryptosharepay|TEST|bitcoin|testnet|18",
            "withdrawal_address": null,
            "address_refund": null,
            "client_email": null,
            "client_phone": null,
            "creation_datetime": "2022-10-21T03:18:44.613Z",
            "expiration_datetime": "2022-10-21T02:58:49.025Z",
            "state": "CANCELLED",
            "status": "CANCELLED"
        }
    },
    {
        "model": "transactions.transaction",
        "pk": "65e02515-b600-406f-8c3e-6819e729dc0e",
        "fields": {
            "api_key": "tsk_b67044466d5bb5dbc6c05f794a3f4ad2",
            "type": "PAYMENT_REQUEST",
            "description": "Test",
            "digital_currency_id": "USD",
            "digital_currency_amount": "1.00",
            "cryptocurrency_amount": "0.00005228",
            "cryptocurrency_amount_received": "0E-8",
            "address_id": "cryptosharepay|TEST|bitcoin|testnet|16",
            "withdrawal_address": null,
            "address_refund": null,
            "client_email": null,
            "client_phone": null,
            "creation_datetime": "2022-10-21T03:15:35.986Z",
            "expiration_datetime": "2022-10-21T02:58:48.839Z",
            "state": "CANCELLED",
            "status": "CANCELLED"
        }
    },
    {
        "model": "transactions.transaction",
        "pk": "68dfa428-7556-4740-b50d-a1bc3c249ed8",
        "fields": {
            "api_key": "tsk_b67044466d5bb5dbc6c05f794a3f4ad2",
            "type": "PAYMENT_REQUEST",
            "description": "Test",
            "digital_currency_id": "USD",
            "digital_currency_amount": "1.00",
            "cryptocurrency_amount": "0.00005228",
            "cryptocurrency_amount_received": "0E-8",
            "address_id": "cryptosharepay|TEST|bitcoin|testnet|23",
            "withdrawal_address": null,
            "address_refund": null,
            "client_email": null,
            "client_phone": null,
            "creation_datetime": "2022-10-21T03:26:42.665Z",
            "expiration_datetime": "2022-10-21T02:58:49.025Z",
            "state": "CANCELLED",
            "status": "CANCELLED"
        }
    },
    {
        "model": "transactions.transaction",
        "pk": "70a3a710-4286-4c6d-933b-b4c5344f59a6",
        "fields": {
            "api_key": "tsk_b67044466d5bb5dbc6c05f794a3f4ad2",
            "type": "PAYMENT_REQUEST",
            "description": "Test transaction bitcoin full workflow",
            "digital_currency_id": "USD",
            "digital_currency_amount": "1.00",
            "cryptocurrency_amount": "0.00005228",
            "cryptocurrency_amount_received": "0E-8",
            "address_id": "cryptosharepay|TEST|bitcoin|testnet|1",
            "withdrawal_address": null,
            "address_refund": null,
            "client_email": null,
            "client_phone": null,
            "creation_datetime": "2022-10-24T00:42:05.708Z",
            "expiration_datetime": "2022-10-26T00:35:40.282Z",
            "state": "CANCELLED",
            "status": "CANCELLED"
        }
    },
    {
        "model": "transactions.transaction",
        "pk": "72071a0c-be17-4c3b-8ee2-0e827c54847e",
        "fields": {
            "api_key": "tsk_b67044466d5bb5dbc6c05f794a3f4ad2",
            "type": "PAYMENT_REQUEST",
            "description": "Test",
            "digital_currency_id": "USD",
            "digital_currency_amount": "1.00",
            "cryptocurrency_amount": "0.00005228",
            "cryptocurrency_amount_received": "0E-8",
            "address_id": "cryptosharepay|TEST|bitcoin|testnet|43",
            "withdrawal_address": null,
            "address_refund": null,
            "client_email": null,
            "client_phone": null,
            "creation_datetime": "2022-10-21T04:19:51.059Z",
            "expiration_datetime": "2022-10-21T02:58:48.989Z",
            "state": "CANCELLED",
            "status": "CANCELLED"
        }
    },
    {
        "model": "transactions.transaction",
        "pk": "74955012-71cc-4bd4-a09a-bcaab66e01fe",
        "fields": {
            "api_key": "tsk_b67044466d5bb5dbc6c05f794a3f4ad2",
            "type": "PAYMENT_REQUEST",
            "description": "test",
            "digital_currency_id": "USD",
            "digital_currency_amount": "1.00",
            "cryptocurrency_amount": "0.00005228",
            "cryptocurrency_amount_received": "0E-8",
            "address_id": "cryptosharepay|TEST|bitcoin|testnet|45",
            "withdrawal_address": null,
            "address_refund": null,
            "client_email": null,
            "client_phone": null,
            "creation_datetime": "2022-10-21T04:28:00.317Z",
            "expiration_datetime": "2022-10-21T02:58:48.989Z",
            "state": "CANCELLED",
            "status": "CANCELLED"
        }
    },
    {
        "model": "transactions.transaction",
        "pk": "7601f599-52b4-418a-8ba6-7f17dda5a375",
        "fields": {
            "api_key": "tsk_b67044466d5bb5dbc6c05f794a3f4ad2",
            "type": "PAYMENT_REQUEST",
            "description": "Test 1 (delete)",
            "digital_currency_id": "MXN",
            "digital_currency_amount": "1.00",
            "cryptocurrency_amount": "0.00122309",
            "cryptocurrency_amount_received": "0E-8",
            "address_id": "cryptosharepay|TEST|dash|testnet|0",
            "withdrawal_address": null,
            "address_refund": null,
            "client_email": null,
            "client_phone": null,
            "creation_datetime": "2022-10-23T06:10:40.724Z",
            "expiration_datetime": "2022-10-25T04:08:38.433Z",
            "state": "PENDING",
            "status": "WAITING_FOR_DEPOSIT"
        }
    },
    {
        "model": "transactions.transaction",
        "pk": "8377841b-a2e7-4fb9-bb6f-7add81d8d730",
        "fields": {
            "api_key": "tsk_b67044466d5bb5dbc6c05f794a3f4ad2",
            "type": "PAYMENT_REQUEST",
            "description": "Test",
            "digital_currency_id": "USD",
            "digital_currency_amount": "1.00",
            "cryptocurrency_amount": "0.00005228",
            "cryptocurrency_amount_received": "0E-8",
            "address_id": "cryptosharepay|TEST|bitcoin|testnet|47",
            "withdrawal_address": null,
            "address_refund": null,
            "client_email": null,
            "client_phone": null,
            "creation_datetime": "2022-10-21T04:45:57.468Z",
            "expiration_datetime": "2022-10-21T02:58:49.025Z",
            "state": "CANCELLED",
            "status": "CANCELLED"
        }
    },
    {
        "model": "transactions.transaction",
        "pk": "8683361f-0595-4223-b791-cead0094bad8",
        "fields": {
            "api_key": "tsk_b67044466d5bb5dbc6c05f794a3f4ad2",
            "type": "PAYMENT_REQUEST",
            "description": "test",
            "digital_currency_id": "USD",
            "digital_currency_amount": "1.00",
            "cryptocurrency_amount": "0.00005228",
            "cryptocurrency_amount_received": "0E-8",
            "address_id": "cryptosharepay|TEST|bitcoin|testnet|33",
            "withdrawal_address": null,
            "address_refund": null,
            "client_email": null,
            "client_phone": null,
            "creation_datetime": "2022-10-21T03:56:34.530Z",
            "expiration_datetime": "2022-10-21T02:58:49.025Z",
            "state": "CANCELLED",
            "status": "CANCELLED"
        }
    },
    {
        "model": "transactions.transaction",
        "pk": "86ac7a61-9cea-45dd-abc5-118c344d69ee",
        "fields": {
            "api_key": "tsk_b67044466d5bb5dbc6c05f794a3f4ad2",
            "type": "PAYMENT_REQUEST",
            "description": "test",
            "digital_currency_id": "USD",
            "digital_currency_amount": "13.00",
            "cryptocurrency_amount": "0.00067959",
            "cryptocurrency_amount_received": "0E-8",
            "address_id": "cryptosharepay|TEST|bitcoin|testnet|0",
            "withdrawal_address": null,
            "address_refund": null,
            "client_email": null,
            "client_phone": null,
            "creation_datetime": "2022-10-21T01:55:24.468Z",
            "expiration_datetime": "2022-10-21T02:58:48.989Z",
            "state": "CANCELLED",
            "status": "CANCELLED"
        }
    },
    {
        "model": "transactions.transaction",
        "pk": "8badc914-5c7e-478c-8549-2e24d9a496db",
        "fields": {
            "api_key": "tsk_b67044466d5bb5dbc6c05f794a3f4ad2",
            "type": "PAYMENT_REQUEST",
            "description": "Test transaction",
            "digital_currency_id": "MXN",
            "digital_currency_amount": "1.00",
            "cryptocurrency_amount": "0.84599506",
            "cryptocurrency_amount_received": "0E-8",
            "address_id": "cryptosharepay|TEST|dogecoin|testnet|1",
            "withdrawal_address": null,
            "address_refund": null,
            "client_email": null,
            "client_phone": null,
            "creation_datetime": "2022-10-23T06:02:47.079Z",
            "expiration_datetime": "2022-10-25T04:08:38.390Z",
            "state": "PENDING",
            "status": "WAITING_FOR_DEPOSIT"
        }
    },
    {
        "model": "transactions.transaction",
        "pk": "8e702d54-2d55-4a79-a4a8-c13f51bd1326",
        "fields": {
            "api_key": "tsk_b67044466d5bb5dbc6c05f794a3f4ad2",
            "type": "PAYMENT_REQUEST",
            "description": "Test",
            "digital_currency_id": "USD",
            "digital_currency_amount": "1.00",
            "cryptocurrency_amount": "0.00005228",
            "cryptocurrency_amount_received": "0E-8",
            "address_id": "cryptosharepay|TEST|bitcoin|testnet|15",
            "withdrawal_address": null,
            "address_refund": null,
            "client_email": null,
            "client_phone": null,
            "creation_datetime": "2022-10-21T03:13:50.778Z",
            "expiration_datetime": "2022-10-21T02:58:48.839Z",
            "state": "CANCELLED",
            "status": "CANCELLED"
        }
    },
    {
        "model": "transactions.transaction",
        "pk": "92b29db0-a7f5-4449-8bf8-e4c0d4bbc926",
        "fields": {
            "api_key": "tsk_b67044466d5bb5dbc6c05f794a3f4ad2",
            "type": "PAYMENT_REQUEST",
            "description": "Test",
            "digital_currency_id": "USD",
            "digital_currency_amount": "1.00",
            "cryptocurrency_amount": "0.00005228",
            "cryptocurrency_amount_received": "0E-8",
            "address_id": "cryptosharepay|TEST|bitcoin|testnet|38",
            "withdrawal_address": null,
            "address_refund": null,
            "client_email": null,
            "client_phone": null,
            "creation_datetime": "2022-10-21T04:06:22.956Z",
            "expiration_datetime": "2022-10-21T02:58:49.025Z",
            "state": "CANCELLED",
            "status": "CANCELLED"
        }
    },
    {
        "model": "transactions.transaction",
        "pk": "952486da-bdbd-4c34-bfb4-1b15b5da7406",
        "fields": {
            "api_key": "tsk_b67044466d5bb5dbc6c05f794a3f4ad2",
            "type": "PAYMENT_REQUEST",
            "description": "Test",
            "digital_currency_id": "USD",
            "digital_currency_amount": "1.00",
            "cryptocurrency_amount": "0.00005228",
            "cryptocurrency_amount_received": "0E-8",
            "address_id": "cryptosharepay|TEST|bitcoin|testnet|36",
            "withdrawal_address": null,
            "address_refund": null,
            "client_email": null,
            "client_phone": null,
            "creation_datetime": "2022-10-21T04:02:11.777Z",
            "expiration_datetime": "2022-10-21T02:58:49.025Z",
            "state": "CANCELLED",
            "status": "CANCELLED"
        }
    },
    {
        "model": "transactions.transaction",
        "pk": "9b2a36a8-3c55-40d0-b4f3-690df7f5aeae",
        "fields": {
            "api_key": "tsk_b67044466d5bb5dbc6c05f794a3f4ad2",
            "type": "PAYMENT_REQUEST",
            "description": "Test",
            "digital_currency_id": "USD",
            "digital_currency_amount": "1.00",
            "cryptocurrency_amount": "0.00005228",
            "cryptocurrency_amount_received": "0E-8",
            "address_id": "cryptosharepay|TEST|bitcoin|testnet|49",
            "withdrawal_address": null,
            "address_refund": null,
            "client_email": null,
            "client_phone": null,
            "creation_datetime": "2022-10-21T04:49:45.923Z",
            "expiration_datetime": "2022-10-21T02:58:49.025Z",
            "state": "CANCELLED",
            "status": "CANCELLED"
        }
    },
    {
        "model": "transactions.transaction",
        "pk": "9d5ad4b7-3ab4-4964-a06c-62d1c46a6cea",
        "fields": {
            "api_key": "tsk_b67044466d5bb5dbc6c05f794a3f4ad2",
            "type": "PAYMENT_REQUEST",
            "description": "Test",
            "digital_currency_id": "USD",
            "digital_currency_amount": "1.00",
            "cryptocurrency_amount": "0.00005228",
            "cryptocurrency_amount_received": "0E-8",
            "address_id": "cryptosharepay|TEST|bitcoin|testnet|39",
            "withdrawal_address": null,
            "address_refund": null,
            "client_email": null,
            "client_phone": null,
            "creation_datetime": "2022-10-21T04:11:43.675Z",
            "expiration_datetime": "2022-10-21T02:58:48.989Z",
            "state": "CANCELLED",
            "status": "CANCELLED"
        }
    },
    {
        "model": "transactions.transaction",
        "pk": "9d7e7ce3-4e71-498d-90ce-bb93c1ee4165",
        "fields": {
            "api_key": "tsk_b67044466d5bb5dbc6c05f794a3f4ad2",
            "type": "PAYMENT_REQUEST",
            "description": "Test",
            "digital_currency_id": "USD",
            "digital_currency_amount": "1.00",
            "cryptocurrency_amount": "0.00005228",
            "cryptocurrency_amount_received": "0E-8",
            "address_id": "cryptosharepay|TEST|bitcoin|testnet|12",
            "withdrawal_address": null,
            "address_refund": null,
            "client_email": null,
            "client_phone": null,
            "creation_datetime": "2022-10-21T03:04:34.404Z",
            "expiration_datetime": "2022-10-21T02:58:48.839Z",
            "state": "CANCELLED",
            "status": "CANCELLED"
        }
    },
    {
        "model": "transactions.transaction",
        "pk": "9f92c37b-e294-4063-9465-99a0d76d7ef7",
        "fields": {
            "api_key": "tsk_b67044466d5bb5dbc6c05f794a3f4ad2",
            "type": "PAYMENT_REQUEST",
            "description": "Test",
            "digital_currency_id": "USD",
            "digital_currency_amount": "1.00",
            "cryptocurrency_amount": "0.00005228",
            "cryptocurrency_amount_received": "0E-8",
            "address_id": "cryptosharepay|TEST|bitcoin|testnet|30",
            "withdrawal_address": null,
            "address_refund": null,
            "client_email": null,
            "client_phone": null,
            "creation_datetime": "2022-10-21T03:52:11.062Z",
            "expiration_datetime": "2022-10-21T02:58:48.989Z",
            "state": "CANCELLED",
            "status": "CANCELLED"
        }
    },
    {
        "model": "transactions.transaction",
        "pk": "a4d12961-181a-4364-a2a9-c1487e2bdcd8",
        "fields": {
            "api_key": "tsk_b67044466d5bb5dbc6c05f794a3f4ad2",
            "type": "PAYMENT_REQUEST",
            "description": "Test",
            "digital_currency_id": "USD",
            "digital_currency_amount": "1.00",
            "cryptocurrency_amount": "0.00005228",
            "cryptocurrency_amount_received": "0E-8",
            "address_id": "cryptosharepay|TEST|bitcoin|testnet|17",
            "withdrawal_address": null,
            "address_refund": null,
            "client_email": null,
            "client_phone": null,
            "creation_datetime": "2022-10-21T03:16:57.866Z",
            "expiration_datetime": "2022-10-21T02:58:49.025Z",
            "state": "CANCELLED",
            "status": "CANCELLED"
        }
    },
    {
        "model": "transactions.transaction",
        "pk": "aa04b0a6-5a67-409b-a248-df1b711da9a8",
        "fields": {
            "api_key": "tsk_b67044466d5bb5dbc6c05f794a3f4ad2",
            "type": "PAYMENT_REQUEST",
            "description": "Test",
            "digital_currency_id": "USD",
            "digital_currency_amount": "1.00",
            "cryptocurrency_amount": "0.00005228",
            "cryptocurrency_amount_received": "0E-8",
            "address_id": "cryptosharepay|TEST|bitcoin|testnet|42",
            "withdrawal_address": null,
            "address_refund": null,
            "client_email": null,
            "client_phone": null,
            "creation_datetime": "2022-10-21T04:18:05.321Z",
            "expiration_datetime": "2022-10-21T02:58:49.025Z",
            "state": "CANCELLED",
            "status": "CANCELLED"
        }
    },
    {
        "model": "transactions.transaction",
        "pk": "ad33a023-86be-44cf-8035-f6e6552e315b",
        "fields": {
            "api_key": "tsk_b67044466d5bb5dbc6c05f794a3f4ad2",
            "type": "PAYMENT_REQUEST",
            "description": "test",
            "digital_currency_id": "USD",
            "digital_currency_amount": "1.00",
            "cryptocurrency_amount": "0.00005228",
            "cryptocurrency_amount_received": "0E-8",
            "address_id": "cryptosharepay|TEST|bitcoin|testnet|9",
            "withdrawal_address": null,
            "address_refund": null,
            "client_email": null,
            "client_phone": null,
            "creation_datetime": "2022-10-21T02:59:16.954Z",
            "expiration_datetime": "2022-10-21T02:58:48.989Z",
            "state": "CANCELLED",
            "status": "CANCELLED"
        }
    },
    {
        "model": "transactions.transaction",
        "pk": "b6dae2e3-66ba-4bd0-9f94-f2adebbe8aec",
        "fields": {
            "api_key": "tsk_b67044466d5bb5dbc6c05f794a3f4ad2",
            "type": "PAYMENT_REQUEST",
            "description": "Test",
            "digital_currency_id": "USD",
            "digital_currency_amount": "1.00",
            "cryptocurrency_amount": "0.00005228",
            "cryptocurrency_amount_received": "0E-8",
            "address_id": "cryptosharepay|TEST|bitcoin|testnet|50",
            "withdrawal_address": null,
            "address_refund": null,
            "client_email": null,
            "client_phone": null,
            "creation_datetime": "2022-10-21T04:51:03.370Z",
            "expiration_datetime": "2022-10-21T02:58:48.839Z",
            "state": "CANCELLED",
            "status": "CANCELLED"
        }
    },
    {
        "model": "transactions.transaction",
        "pk": "b7ee78ca-21ab-49d4-a3b6-a11a14c87209",
        "fields": {
            "api_key": "tsk_b67044466d5bb5dbc6c05f794a3f4ad2",
            "type": "PAYMENT_REQUEST",
            "description": "test",
            "digital_currency_id": "USD",
            "digital_currency_amount": "10.00",
            "cryptocurrency_amount": "0.00052276",
            "cryptocurrency_amount_received": "0E-8",
            "address_id": "cryptosharepay|TEST|bitcoin|testnet|4",
            "withdrawal_address": null,
            "address_refund": null,
            "client_email": null,
            "client_phone": null,
            "creation_datetime": "2022-10-21T02:10:12.704Z",
            "expiration_datetime": "2022-10-21T02:58:48.989Z",
            "state": "CANCELLED",
            "status": "CANCELLED"
        }
    },
    {
        "model": "transactions.transaction",
        "pk": "b925e252-cc5b-4b99-95e1-2a331e22e3b2",
        "fields": {
            "api_key": "tsk_b67044466d5bb5dbc6c05f794a3f4ad2",
            "type": "PAYMENT_REQUEST",
            "description": "",
            "digital_currency_id": "USD",
            "digital_currency_amount": "1.00",
            "cryptocurrency_amount": "0.00005228",
            "cryptocurrency_amount_received": "0E-8",
            "address_id": "cryptosharepay|TEST|bitcoin|testnet|52",
            "withdrawal_address": null,
            "address_refund": null,
            "client_email": null,
            "client_phone": null,
            "creation_datetime": "2022-10-21T05:01:11.030Z",
            "expiration_datetime": "2022-10-21T02:58:49.025Z",
            "state": "CANCELLED",
            "status": "CANCELLED"
        }
    },
    {
        "model": "transactions.transaction",
        "pk": "baec0913-5905-491d-898f-c07c9bd9b72d",
        "fields": {
            "api_key": "tsk_b67044466d5bb5dbc6c05f794a3f4ad2",
            "type": "PAYMENT_REQUEST",
            "description": "Test",
            "digital_currency_id": "USD",
            "digital_currency_amount": "1.00",
            "cryptocurrency_amount": "0.00005228",
            "cryptocurrency_amount_received": "0E-8",
            "address_id": "cryptosharepay|TEST|bitcoin|testnet|22",
            "withdrawal_address": null,
            "address_refund": null,
            "client_email": null,
            "client_phone": null,
            "creation_datetime": "2022-10-21T03:24:24.950Z",
            "expiration_datetime": "2022-10-21T02:58:48.839Z",
            "state": "CANCELLED",
            "status": "CANCELLED"
        }
    },
    {
        "model": "transactions.transaction",
        "pk": "bfecb567-6e0e-405b-9d79-af7920c6be5b",
        "fields": {
            "api_key": "tsk_b67044466d5bb5dbc6c05f794a3f4ad2",
            "type": "PAYMENT_REQUEST",
            "description": "test",
            "digital_currency_id": "USD",
            "digital_currency_amount": "10.00",
            "cryptocurrency_amount": "0.00052276",
            "cryptocurrency_amount_received": "0E-8",
            "address_id": "cryptosharepay|TEST|bitcoin|testnet|3",
            "withdrawal_address": null,
            "address_refund": null,
            "client_email": null,
            "client_phone": null,
            "creation_datetime": "2022-10-21T02:10:11.689Z",
            "expiration_datetime": "2022-10-21T02:58:48.839Z",
            "state": "CANCELLED",
            "status": "CANCELLED"
        }
    },
    {
        "model": "transactions.transaction",
        "pk": "c39e30c3-9de0-456f-8f35-a6a9f646e41e",
        "fields": {
            "api_key": "tsk_b67044466d5bb5dbc6c05f794a3f4ad2",
            "type": "PAYMENT_REQUEST",
            "description": "Test",
            "digital_currency_id": "USD",
            "digital_currency_amount": "1.00",
            "cryptocurrency_amount": "0.00005228",
            "cryptocurrency_amount_received": "0E-8",
            "address_id": "cryptosharepay|TEST|bitcoin|testnet|21",
            "withdrawal_address": null,
            "address_refund": null,
            "client_email": null,
            "client_phone": null,
            "creation_datetime": "2022-10-21T03:20:36.994Z",
            "expiration_datetime": "2022-10-21T02:58:48.839Z",
            "state": "CANCELLED",
            "status": "CANCELLED"
        }
    },
    {
        "model": "transactions.transaction",
        "pk": "c5596cc0-dd4c-4dd5-b429-4c7c52f3c08e",
        "fields": {
            "api_key": "tsk_b67044466d5bb5dbc6c05f794a3f4ad2",
            "type": "PAYMENT_REQUEST",
            "description": "Test 3 (sorry Beto)",
            "digital_currency_id": "MXN",
            "digital_currency_amount": "1.00",
            "cryptocurrency_amount": "0.00003897",
            "cryptocurrency_amount_received": "0E-8",
            "address_id": "cryptosharepay|TEST|ethereum|goerli|1",
            "withdrawal_address": null,
            "address_refund": null,
            "client_email": null,
            "client_phone": null,
            "creation_datetime": "2022-10-23T06:12:19.256Z",
            "expiration_datetime": "2022-10-25T04:08:38.433Z",
            "state": "PENDING",
            "status": "WAITING_FOR_DEPOSIT"
        }
    },
    {
        "model": "transactions.transaction",
        "pk": "c6fd2234-1ac7-4bda-9435-fb2112b63700",
        "fields": {
            "api_key": "tsk_b67044466d5bb5dbc6c05f794a3f4ad2",
            "type": "PAYMENT_REQUEST",
            "description": "test",
            "digital_currency_id": "USD",
            "digital_currency_amount": "1.00",
            "cryptocurrency_amount": "0.00005228",
            "cryptocurrency_amount_received": "0E-8",
            "address_id": "cryptosharepay|TEST|bitcoin|testnet|10",
            "withdrawal_address": null,
            "address_refund": null,
            "client_email": null,
            "client_phone": null,
            "creation_datetime": "2022-10-24T00:42:58.726Z",
            "expiration_datetime": "2022-10-26T00:35:40.275Z",
            "state": "COMPLETE",
            "status": "COMPLETED"
        }
    },
    {
        "model": "transactions.transaction",
        "pk": "c742459c-1434-41d6-85a9-26bdfbdd976b",
        "fields": {
            "api_key": "tsk_b67044466d5bb5dbc6c05f794a3f4ad2",
            "type": "PAYMENT_REQUEST",
            "description": "Test transaction",
            "digital_currency_id": "MXN",
            "digital_currency_amount": "1.00",
            "cryptocurrency_amount": "0.84599506",
            "cryptocurrency_amount_received": "0E-8",
            "address_id": "cryptosharepay|TEST|dogecoin|testnet|0",
            "withdrawal_address": null,
            "address_refund": null,
            "client_email": null,
            "client_phone": null,
            "creation_datetime": "2022-10-23T05:27:39.416Z",
            "expiration_datetime": "2022-10-25T04:08:38.390Z",
            "state": "PENDING",
            "status": "WAITING_FOR_DEPOSIT"
        }
    },
    {
        "model": "transactions.transaction",
        "pk": "c78c2b90-01ad-45a6-a8e3-fb10400b4bd5",
        "fields": {
            "api_key": "tsk_b67044466d5bb5dbc6c05f794a3f4ad2",
            "type": "PAYMENT_REQUEST",
            "description": "Test transaction bitcoin full workflow",
            "digital_currency_id": "USD",
            "digital_currency_amount": "1.00",
            "cryptocurrency_amount": "0.00005228",
            "cryptocurrency_amount_received": "0E-8",
            "address_id": "cryptosharepay|TEST|bitcoin|testnet|0",
            "withdrawal_address": null,
            "address_refund": null,
            "client_email": null,
            "client_phone": null,
            "creation_datetime": "2022-10-22T23:06:32.944Z",
            "expiration_datetime": "2022-10-21T02:58:49.025Z",
            "state": "PENDING",
            "status": "WAITING_FOR_DEPOSIT"
        }
    },
    {
        "model": "transactions.transaction",
        "pk": "d0be6325-f2da-499a-9471-aaea92e63989",
        "fields": {
            "api_key": "tsk_b67044466d5bb5dbc6c05f794a3f4ad2",
            "type": "PAYMENT_REQUEST",
            "description": "Test transaction bitcoin full workflow",
            "digital_currency_id": "USD",
            "digital_currency_amount": "1.00",
            "cryptocurrency_amount": "0.00005228",
            "cryptocurrency_amount_received": "0E-8",
            "address_id": "cryptosharepay|TEST|bitcoin|testnet|28",
            "withdrawal_address": null,
            "address_refund": null,
            "client_email": null,
            "client_phone": null,
            "creation_datetime": "2022-10-21T03:50:12.749Z",
            "expiration_datetime": "2022-10-21T02:58:49.025Z",
            "state": "CANCELLED",
            "status": "CANCELLED"
        }
    },
    {
        "model": "transactions.transaction",
        "pk": "d1d0689d-b646-4abd-8ea4-e19ff0e93be2",
        "fields": {
            "api_key": "tsk_b67044466d5bb5dbc6c05f794a3f4ad2",
            "type": "PAYMENT_REQUEST",
            "description": "Test",
            "digital_currency_id": "USD",
            "digital_currency_amount": "1.00",
            "cryptocurrency_amount": "0.00005228",
            "cryptocurrency_amount_received": "0E-8",
            "address_id": "cryptosharepay|TEST|bitcoin|testnet|48",
            "withdrawal_address": null,
            "address_refund": null,
            "client_email": null,
            "client_phone": null,
            "creation_datetime": "2022-10-21T04:49:01.336Z",
            "expiration_datetime": "2022-10-21T02:58:49.025Z",
            "state": "CANCELLED",
            "status": "CANCELLED"
        }
    },
    {
        "model": "transactions.transaction",
        "pk": "d81105d4-faca-4e20-b916-f9636f243b86",
        "fields": {
            "api_key": "tsk_b67044466d5bb5dbc6c05f794a3f4ad2",
            "type": "PAYMENT_REQUEST",
            "description": "TEST",
            "digital_currency_id": "USD",
            "digital_currency_amount": "10.00",
            "cryptocurrency_amount": "0.00052276",
            "cryptocurrency_amount_received": "0E-8",
            "address_id": "cryptosharepay|TEST|bitcoin|testnet|7",
            "withdrawal_address": null,
            "address_refund": null,
            "client_email": null,
            "client_phone": null,
            "creation_datetime": "2022-10-21T02:45:25.640Z",
            "expiration_datetime": "2022-10-21T02:58:48.989Z",
            "state": "CANCELLED",
            "status": "CANCELLED"
        }
    },
    {
        "model": "transactions.transaction",
        "pk": "d8bde0b1-d0a1-40a3-83dd-a182750d15e3",
        "fields": {
            "api_key": "tsk_b67044466d5bb5dbc6c05f794a3f4ad2",
            "type": "PAYMENT_REQUEST",
            "description": "Test transaction",
            "digital_currency_id": "USD",
            "digital_currency_amount": "2.00",
            "cryptocurrency_amount": "33.83980238",
            "cryptocurrency_amount_received": "0E-8",
            "address_id": "cryptosharepay|TEST|dogecoin|testnet|2",
            "withdrawal_address": null,
            "address_refund": null,
            "client_email": null,
            "client_phone": null,
            "creation_datetime": "2022-10-23T19:12:50.706Z",
            "expiration_datetime": "2022-10-25T18:18:35.446Z",
            "state": "PENDING",
            "status": "WAITING_FOR_DEPOSIT"
        }
    },
    {
        "model": "transactions.transaction",
        "pk": "ddc33a8f-6691-4a82-9dc7-65d89a8a524c",
        "fields": {
            "api_key": "tsk_b67044466d5bb5dbc6c05f794a3f4ad2",
            "type": "PAYMENT_REQUEST",
            "description": "test",
            "digital_currency_id": "USD",
            "digital_currency_amount": "1.00",
            "cryptocurrency_amount": "0.00005228",
            "cryptocurrency_amount_received": "0E-8",
            "address_id": "cryptosharepay|TEST|bitcoin|testnet|11",
            "withdrawal_address": null,
            "address_refund": null,
            "client_email": null,
            "client_phone": null,
            "creation_datetime": "2022-10-21T03:01:32.557Z",
            "expiration_datetime": "2022-10-21T02:58:49.025Z",
            "state": "CANCELLED",
            "status": "CANCELLED"
        }
    },
    {
        "model": "transactions.transaction",
        "pk": "dec7d164-7d2c-47f6-be6c-00dd81451e53",
        "fields": {
            "api_key": "tsk_b67044466d5bb5dbc6c05f794a3f4ad2",
            "type": "PAYMENT_REQUEST",
            "description": "Test",
            "digital_currency_id": "USD",
            "digital_currency_amount": "1.00",
            "cryptocurrency_amount": "0.00005228",
            "cryptocurrency_amount_received": "0E-8",
            "address_id": "cryptosharepay|TEST|bitcoin|testnet|37",
            "withdrawal_address": null,
            "address_refund": null,
            "client_email": null,
            "client_phone": null,
            "creation_datetime": "2022-10-21T04:04:47.718Z",
            "expiration_datetime": "2022-10-21T02:58:48.839Z",
            "state": "CANCELLED",
            "status": "CANCELLED"
        }
    },
    {
        "model": "transactions.transaction",
        "pk": "e104b22a-44a5-4cd0-a832-dceca5ade52f",
        "fields": {
            "api_key": "tsk_b67044466d5bb5dbc6c05f794a3f4ad2",
            "type": "PAYMENT_REQUEST",
            "description": "Test transaction bitcoin full workflow",
            "digital_currency_id": "USD",
            "digital_currency_amount": "1.00",
            "cryptocurrency_amount": "0.00005228",
            "cryptocurrency_amount_received": "0.00068000",
            "address_id": "cryptosharepay|TEST|bitcoin|testnet|0",
            "withdrawal_address": null,
            "address_refund": null,
            "client_email": null,
            "client_phone": null,
            "creation_datetime": "2022-10-16T04:35:33.313Z",
            "expiration_datetime": "2022-10-18T04:05:57.476Z",
            "state": "COMPLETE",
            "status": "CONFIRMED"
        }
    },
    {
        "model": "transactions.transaction",
        "pk": "e2f30d4a-a52c-4c4d-9b1e-949eb333e495",
        "fields": {
            "api_key": "tsk_b67044466d5bb5dbc6c05f794a3f4ad2",
            "type": "PAYMENT_REQUEST",
            "description": "Test",
            "digital_currency_id": "USD",
            "digital_currency_amount": "1.00",
            "cryptocurrency_amount": "0.00005228",
            "cryptocurrency_amount_received": "0E-8",
            "address_id": "cryptosharepay|TEST|bitcoin|testnet|13",
            "withdrawal_address": null,
            "address_refund": null,
            "client_email": null,
            "client_phone": null,
            "creation_datetime": "2022-10-21T03:08:10.488Z",
            "expiration_datetime": "2022-10-21T02:58:48.989Z",
            "state": "CANCELLED",
            "status": "CANCELLED"
        }
    },
    {
        "model": "transactions.transaction",
        "pk": "e89448ec-759a-49d0-80d5-b5c4e93f8045",
        "fields": {
            "api_key": "tsk_b67044466d5bb5dbc6c05f794a3f4ad2",
            "type": "PAYMENT_REQUEST",
            "description": "Test transaction goerli",
            "digital_currency_id": "USD",
            "digital_currency_amount": "1.00",
            "cryptocurrency_amount": "0.00077930",
            "cryptocurrency_amount_received": "0.10000000",
            "address_id": "cryptosharepay|TEST|ethereum|goerli|1",
            "withdrawal_address": null,
            "address_refund": null,
            "client_email": null,
            "client_phone": null,
            "creation_datetime": "2022-10-16T03:22:03.166Z",
            "expiration_datetime": "2022-10-18T02:42:35.070Z",
            "state": "COMPLETE",
            "status": "CONFIRMED"
        }
    },
    {
        "model": "transactions.transaction",
        "pk": "ee00c366-fb4d-478a-8842-94015ca77117",
        "fields": {
            "api_key": "tsk_b67044466d5bb5dbc6c05f794a3f4ad2",
            "type": "PAYMENT_REQUEST",
            "description": "test",
            "digital_currency_id": "USD",
            "digital_currency_amount": "10.00",
            "cryptocurrency_amount": "0.00052276",
            "cryptocurrency_amount_received": "0E-8",
            "address_id": "cryptosharepay|TEST|bitcoin|testnet|5",
            "withdrawal_address": null,
            "address_refund": null,
            "client_email": null,
            "client_phone": null,
            "creation_datetime": "2022-10-21T02:23:16.999Z",
            "expiration_datetime": "2022-10-21T02:58:49.025Z",
            "state": "CANCELLED",
            "status": "CANCELLED"
        }
    },
    {
        "model": "transactions.transaction",
        "pk": "ee7d81a9-7a99-4efc-885d-c64ef721f726",
        "fields": {
            "api_key": "tsk_b67044466d5bb5dbc6c05f794a3f4ad2",
            "type": "PAYMENT_REQUEST",
            "description": "Test",
            "digital_currency_id": "USD",
            "digital_currency_amount": "1.00",
            "cryptocurrency_amount": "0.00005228",
            "cryptocurrency_amount_received": "0E-8",
            "address_id": "cryptosharepay|TEST|bitcoin|testnet|35",
            "withdrawal_address": null,
            "address_refund": null,
            "client_email": null,
            "client_phone": null,
            "creation_datetime": "2022-10-21T04:00:56.657Z",
            "expiration_datetime": "2022-10-21T02:58:48.839Z",
            "state": "CANCELLED",
            "status": "CANCELLED"
        }
    },
    {
        "model": "transactions.transaction",
        "pk": "f21216b7-1b13-4e8e-9963-936f12414548",
        "fields": {
            "api_key": "tsk_b67044466d5bb5dbc6c05f794a3f4ad2",
            "type": "PAYMENT_REQUEST",
            "description": "Test transaction bitcoin full workflow",
            "digital_currency_id": "USD",
            "digital_currency_amount": "1.00",
            "cryptocurrency_amount": "0.00005228",
            "cryptocurrency_amount_received": "0E-8",
            "address_id": "cryptosharepay|TEST|bitcoin|testnet|10",
            "withdrawal_address": null,
            "address_refund": null,
            "client_email": null,
            "client_phone": null,
            "creation_datetime": "2022-10-21T02:59:59.708Z",
            "expiration_datetime": "2022-10-21T02:58:48.989Z",
            "state": "CANCELLED",
            "status": "CANCELLED"
        }
    },
    {
        "model": "transactions.transaction",
        "pk": "f9669174-de6c-41fa-b9e3-896aec69dcde",
        "fields": {
            "api_key": "tsk_b67044466d5bb5dbc6c05f794a3f4ad2",
            "type": "PAYMENT_REQUEST",
            "description": "Test",
            "digital_currency_id": "USD",
            "digital_currency_amount": "1.00",
            "cryptocurrency_amount": "0.00005228",
            "cryptocurrency_amount_received": "0E-8",
            "address_id": "cryptosharepay|TEST|bitcoin|testnet|19",
            "withdrawal_address": null,
            "address_refund": null,
            "client_email": null,
            "client_phone": null,
            "creation_datetime": "2022-10-21T03:19:03.621Z",
            "expiration_datetime": "2022-10-21T02:58:48.989Z",
            "state": "CANCELLED",
            "status": "CANCELLED"
        }
    },
    {
        "model": "transactions.transaction",
        "pk": "fb807ef8-f4e1-4650-91fa-8af9475dda30",
        "fields": {
            "api_key": "tsk_b67044466d5bb5dbc6c05f794a3f4ad2",
            "type": "PAYMENT_REQUEST",
            "description": "Test transaction goerli 2 full workflow",
            "digital_currency_id": "USD",
            "digital_currency_amount": "1.00",
            "cryptocurrency_amount": "0.00077930",
            "cryptocurrency_amount_received": "0.10000000",
            "address_id": "cryptosharepay|TEST|ethereum|goerli|1",
            "withdrawal_address": null,
            "address_refund": null,
            "client_email": null,
            "client_phone": null,
            "creation_datetime": "2022-10-16T03:59:27.366Z",
            "expiration_datetime": "2022-10-18T03:50:58.202Z",
            "state": "COMPLETE",
            "status": "CONFIRMED"
        }
    },
    {
        "model": "transactions.transaction",
        "pk": "fd3fc5ed-7f3a-4c59-9db5-e82754497da7",
        "fields": {
            "api_key": "tsk_b67044466d5bb5dbc6c05f794a3f4ad2",
            "type": "PAYMENT_REQUEST",
            "description": "Test transaction bitcoin full workflow",
            "digital_currency_id": "USD",
            "digital_currency_amount": "1.00",
            "cryptocurrency_amount": "0.00005228",
            "cryptocurrency_amount_received": "0E-8",
            "address_id": "cryptosharepay|TEST|bitcoin|testnet|55",
            "withdrawal_address": null,
            "address_refund": null,
            "client_email": null,
            "client_phone": null,
            "creation_datetime": "2022-10-21T22:43:17.496Z",
            "expiration_datetime": "2022-10-21T02:58:48.989Z",
            "state": "CANCELLED",
            "status": "CANCELLED"
        }
    },
    {
        "model": "transactions.transaction",
        "pk": "fdbb6a23-db09-46f6-99f7-fd02a4c03daf",
        "fields": {
            "api_key": "tsk_57abd7c84c7bb39e8e5fcf792462b9a9",
            "type": "PAYMENT_REQUEST",
            "description": "Momo transaction2",
            "digital_currency_id": "USD",
            "digital_currency_amount": "50.00",
            "cryptocurrency_amount": "1.00000000",
            "cryptocurrency_amount_received": null,
            "address_id": "cryptosharepay|TEST|litecoin|testnet|1",
            "withdrawal_address": null,
            "address_refund": null,
            "client_email": null,
            "client_phone": null,
            "creation_datetime": "2022-10-13T21:03:56.020Z",
            "expiration_datetime": "2022-10-15T20:58:25.717Z",
            "state": "PENDING",
            "status": "WAITING_FOR_DEPOSIT"
        }
    },
    {
        "model": "transactions.transaction",
        "pk": "ffa2e847-4fc8-49a5-a7ac-3078bfedd211",
        "fields": {
            "api_key": "tsk_b67044466d5bb5dbc6c05f794a3f4ad2",
            "type": "PAYMENT_REQUEST",
            "description": "Test transaction bitcoin full workflow",
            "digital_currency_id": "USD",
            "digital_currency_amount": "1.00",
            "cryptocurrency_amount": "0.00005228",
            "cryptocurrency_amount_received": "0E-8",
            "address_id": "cryptosharepay|TEST|bitcoin|testnet|27",
            "withdrawal_address": null,
            "address_refund": null,
            "client_email": null,
            "client_phone": null,
            "creation_datetime": "2022-10-21T03:49:42.939Z",
            "expiration_datetime": "2022-10-21T02:58:49.025Z",
            "state": "CANCELLED",
            "status": "CANCELLED"
        }
    },
    {
        "model": "transactions.transactionins",
        "pk": "487a8864-05e2-41e3-b51d-6d45a21ca850",
        "fields": {
            "external_transaction_id": "8688b45ca54ac68eca818ff33fff00eee0f8ac5ce9242d2a6a7151ec8cae0bcc",
            "amount": "0.00050000",
            "address_id": "cryptosharepay|TEST|bitcoin|testnet|0",
            "creation_datetime": "2022-10-16T04:41:02.767Z",
            "completed_datetime": "2022-10-16T04:41:02.767Z",
            "state": "COMPLETE",
            "status": "CONFIRMED"
        }
    },
    {
        "model": "transactions.transactionins",
        "pk": "7bf96681-4563-4c55-bb11-9a4082cb785f",
        "fields": {
            "external_transaction_id": "0xad5cd51877cad776ccce9eca92bc289465ccf81dacf9b57442b2fc5029f8379f",
            "amount": "0.10000000",
            "address_id": "cryptosharepay|TEST|ethereum|goerli|1",
            "creation_datetime": "2022-10-16T03:35:22.301Z",
            "completed_datetime": "2022-10-16T03:35:22.301Z",
            "state": "COMPLETE",
            "status": "CONFIRMED"
        }
    },
    {
        "model": "transactions.transactionins",
        "pk": "7f5197d5-1a6e-44b0-a835-fc84c9bb1926",
        "fields": {
            "external_transaction_id": "0xad5cd51877cad776ccce9eca92bc289465ccf81dacf9b57442b2fc5029f8379f",
            "amount": "0.10000000",
            "address_id": "cryptosharepay|TEST|ethereum|goerli|1",
            "creation_datetime": "2022-10-16T03:42:32.740Z",
            "completed_datetime": "2022-10-16T03:42:32.739Z",
            "state": "COMPLETE",
            "status": "CONFIRMED"
        }
    },
    {
        "model": "transactions.transactionins",
        "pk": "8e92bed8-78a6-4675-aab7-3b39b3883e76",
        "fields": {
            "external_transaction_id": "0xad5cd51877cad776ccce9eca92bc289465ccf81dacf9b57442b2fc5029f8379f",
            "amount": "0.10000000",
            "address_id": "cryptosharepay|TEST|ethereum|goerli|1",
            "creation_datetime": "2022-10-16T04:54:05.456Z",
            "completed_datetime": "2022-10-16T04:54:05.456Z",
            "state": "COMPLETE",
            "status": "CONFIRMED"
        }
    },
    {
        "model": "transactions.transactionins",
        "pk": "9fe2ba8e-6b6e-4f2e-8471-257a09d8af1f",
        "fields": {
            "external_transaction_id": "b16967c093a8b1aa7b00ca60b65b772f4c550b8e7f9a71d8e67759329f6c2609",
            "amount": "0.00068000",
            "address_id": "cryptosharepay|TEST|bitcoin|testnet|0",
            "creation_datetime": "2022-10-16T04:38:32.268Z",
            "completed_datetime": "2022-10-16T04:38:32.267Z",
            "state": "COMPLETE",
            "status": "CONFIRMED"
        }
    },
    {
        "model": "transactions.transactionins",
        "pk": "dbe5dd53-25ff-4340-9636-87e000d47b24",
        "fields": {
            "external_transaction_id": "0xad5cd51877cad776ccce9eca92bc289465ccf81dacf9b57442b2fc5029f8379f",
            "amount": "0.10000000",
            "address_id": "cryptosharepay|TEST|ethereum|goerli|1",
            "creation_datetime": "2022-10-16T03:48:12.175Z",
            "completed_datetime": "2022-10-16T03:48:12.175Z",
            "state": "COMPLETE",
            "status": "CONFIRMED"
        }
    },
    {
        "model": "transactions.transactionbook",
        "pk": 1,
        "fields": {
            "type": "IN",
            "transaction_id": "e89448ec-759a-49d0-80d5-b5c4e93f8045",
            "transaction_ins_id": "dbe5dd53-25ff-4340-9636-87e000d47b24",
            "transaction_outs_id": null
        }
    },
    {
        "model": "transactions.transactionbook",
        "pk": 2,
        "fields": {
            "type": "IN",
            "transaction_id": "e104b22a-44a5-4cd0-a832-dceca5ade52f",
            "transaction_ins_id": "9fe2ba8e-6b6e-4f2e-8471-257a09d8af1f",
            "transaction_outs_id": null
        }
    },
    {
        "model": "transactions.transactionbook",
        "pk": 3,
        "fields": {
            "type": "IN",
            "transaction_id": "fb807ef8-f4e1-4650-91fa-8af9475dda30",
            "transaction_ins_id": "8e92bed8-78a6-4675-aab7-3b39b3883e76",
            "transaction_outs_id": null
        }
    },
    {
        "model": "digital_currency.digitalcurrency",
        "pk": "COP",
        "fields": {
            "name": "Peso Colombiano",
            "exchange_rate": "4500.00"
        }
    },
    {
        "model": "digital_currency.digitalcurrency",
        "pk": "CSC",
        "fields": {
            "name": "Cryptoshare Credits",
            "exchange_rate": "1.00"
        }
    },
    {
        "model": "digital_currency.digitalcurrency",
        "pk": "MXN",
        "fields": {
            "name": "Peso Mexicano",
            "exchange_rate": "20.00"
        }
    },
    {
        "model": "digital_currency.digitalcurrency",
        "pk": "USD",
        "fields": {
            "name": "United States Dollar",
            "exchange_rate": "1.00"
        }
    }
]